"Name","Team","G","PA","HR","R","RBI","SB","BB%","K%","ISO","BABIP","AVG","OBP","SLG","wOBA","wRC+","BsR","Off","Def","WAR","Age","playerid"
"Gary Sanchez","Yankees","53","229","20","34","42","1","10.5 %","24.9 %",".358",".317",".299",".376",".657",".425","171","-1.0","18.4","4.9","3.2","23","11442"
"David Ortiz","Red Sox","151","626","38","79","127","2","12.8 %","13.7 %",".305",".312",".315",".401",".620",".419","164","-9.9","38.2","-15.2","4.5","40","745"
"Mike Trout","Angels","159","681","29","123","100","30","17.0 %","20.1 %",".235",".371",".315",".441",".550",".418","170","9.3","66.7","0.7","9.2","24","10155"
"Joey Votto","Reds","158","677","29","101","97","8","16.0 %","17.7 %",".225",".366",".326",".434",".550",".413","159","-2.7","46.3","-18.7","5.0","32","4314"
"Daniel Murphy","Nationals","142","582","25","88","104","5","6.0 %","9.8 %",".249",".348",".347",".390",".595",".408","155","3.4","43.1","-7.6","5.5","31","4316"
"Josh Donaldson","Blue Jays","155","700","37","122","99","7","15.6 %","17.0 %",".265",".300",".284",".404",".549",".403","155","0.2","46.7","4.2","7.6","30","5038"
"Freddie Freeman","Braves","158","693","34","102","91","6","12.8 %","24.7 %",".267",".370",".302",".400",".569",".402","152","1.1","45.5","-7.7","6.1","26","5361"
"Miguel Cabrera","Tigers","158","679","38","92","108","0","11.0 %","17.1 %",".247",".336",".316",".393",".563",".399","152","-10.0","32.1","-8.4","4.8","33","1744"
"Kris Bryant","Cubs","155","699","39","121","102","8","10.7 %","22.0 %",".262",".332",".292",".385",".554",".396","148","7.3","48.3","11.0","8.3","24","15429"
"Trea Turner","Nationals","73","324","13","53","40","33","4.3 %","18.2 %",".225",".388",".342",".370",".567",".395","147","5.4","23.9","-2.1","3.3","23","16252"
"Charlie Blackmon","Rockies","143","641","29","111","82","17","6.7 %","15.9 %",".228",".350",".324",".381",".552",".394","131","3.1","28.0","-8.4","4.1","29","7859"
"DJ LeMahieu","Rockies","146","635","11","104","66","11","10.4 %","12.6 %",".147",".388",".348",".416",".495",".391","130","-0.4","23.0","-0.9","4.3","27","9874"
"Anthony Rizzo","Cubs","155","676","32","94","109","3","10.9 %","16.0 %",".252",".309",".292",".385",".544",".391","144","-2.8","33.9","-5.8","5.1","26","3473"
"Jose Altuve","Astros","161","717","24","108","96","30","8.4 %","9.8 %",".194",".347",".338",".396",".531",".391","151","0.2","44.2","-2.5","6.8","26","5417"
"Nolan Arenado","Rockies","160","696","41","116","133","2","9.8 %","14.8 %",".275",".293",".294",".362",".570",".386","126","-1.1","21.4","8.6","5.3","25","9777"
"J.D. Martinez","Tigers","120","517","22","69","68","1","9.5 %","24.8 %",".228",".378",".307",".373",".535",".384","141","-3.4","22.3","-22.6","1.8","28","6184"
"Nelson Cruz","Mariners","155","667","43","96","105","2","9.3 %","23.8 %",".268",".320",".287",".360",".555",".383","147","-3.3","34.0","-15.6","4.2","35","2434"
"Paul Goldschmidt","Diamondbacks","158","705","24","106","95","32","15.6 %","21.3 %",".192",".358",".297",".411",".489",".382","133","5.4","34.4","-10.4","4.7","28","9218"
"Trevor Story","Rockies","97","415","27","67","72","8","8.4 %","31.3 %",".296",".343",".272",".341",".567",".380","122","2.0","13.3","1.6","2.9","23","12564"
"Mookie Betts","Red Sox","158","730","31","122","113","26","6.7 %","11.0 %",".216",".322",".318",".363",".534",".379","137","9.8","41.9","10.6","7.9","23","13611"
"Ryan Braun","Brewers","135","564","30","80","91","16","8.2 %","17.4 %",".233",".326",".305",".365",".538",".378","134","-0.4","23.0","-8.8","3.3","32","3410"
"Matt Joyce","Pirates","140","293","13","45","42","1","20.1 %","22.9 %",".221",".285",".242",".403",".463",".375","136","-1.1","11.8","-9.4","1.2","31","3353"
"Matt Carpenter","Cardinals","129","566","21","81","68","0","14.3 %","19.1 %",".235",".307",".271",".380",".505",".375","136","-3.1","22.2","-8.7","3.2","30","8090"
"Tyler Naquin","Indians","116","365","14","52","43","6","9.9 %","30.7 %",".218",".411",".296",".372",".514",".374","134","1.7","16.7","-5.0","2.5","25","13359"
"Brandon Belt","Giants","156","655","17","77","82","0","15.9 %","22.6 %",".199",".346",".275",".394",".474",".374","137","-2.8","27.2","-6.0","4.3","28","10264"
"Edwin Encarnacion","Blue Jays","160","702","42","99","127","2","12.4 %","19.7 %",".266",".270",".263",".357",".529",".373","135","-2.1","27.3","-13.1","3.9","33","2151"
"Corey Seager","Dodgers","157","687","26","105","72","3","7.9 %","19.4 %",".204",".355",".308",".365",".512",".372","136","2.6","33.2","17.5","7.4","22","13624"
"Adrian Beltre","Rangers","153","640","32","89","104","1","7.5 %","10.3 %",".221",".293",".300",".358",".521",".371","130","-0.8","22.4","15.2","6.1","37","639"
"Jean Segura","Diamondbacks","153","694","20","102","64","33","5.6 %","14.6 %",".181",".353",".319",".368",".499",".371","126","5.1","27.5","-1.0","5.0","26","5933"
"Steve Pearce","- - -","85","302","13","35","35","0","11.3 %","17.9 %",".205",".318",".288",".374",".492",".371","136","0.2","13.3","-3.6","2.0","33","9957"
"Robinson Cano","Mariners","161","715","39","107","103","0","6.6 %","14.0 %",".235",".299",".298",".350",".533",".370","138","-1.8","30.4","3.4","5.9","33","3269"
"Brian Dozier","Twins","155","691","42","104","99","18","8.8 %","20.0 %",".278",".280",".268",".340",".546",".370","131","5.5","31.5","2.3","5.9","29","9810"
"Carlos Santana","Indians","158","688","34","89","87","5","14.4 %","14.4 %",".239",".258",".259",".366",".498",".370","131","-0.9","25.0","-12.5","3.7","30","2396"
"Aledmys Diaz","Cardinals","111","460","17","71","65","4","8.9 %","13.0 %",".210",".312",".300",".369",".510",".370","133","-2.9","15.6","-3.6","2.7","25","15937"
"Yoenis Cespedes","Mets","132","543","31","72","86","3","9.4 %","19.9 %",".251",".298",".280",".354",".530",".369","135","-0.2","22.9","-9.2","3.2","30","13110"
"Jung Ho Kang","Pirates","103","370","21","45","62","3","9.7 %","21.4 %",".258",".273",".255",".354",".513",".369","132","-3.1","11.3","-1.8","2.2","29","17182"
"Christian Yelich","Marlins","155","659","21","78","98","9","10.9 %","20.9 %",".185",".356",".298",".376",".483",".367","132","2.5","28.1","-5.3","4.5","24","11477"
"Hanley Ramirez","Red Sox","147","620","30","81","111","9","9.7 %","19.4 %",".219",".315",".286",".361",".505",".367","128","-1.4","19.7","-14.5","2.7","32","8001"
"Dexter Fowler","Cubs","125","551","13","84","48","13","14.3 %","22.5 %",".171",".350",".276",".393",".447",".367","128","6.2","25.2","2.7","4.6","30","4062"
"David Dahl","Rockies","63","237","7","42","24","5","6.3 %","24.9 %",".185",".404",".315",".359",".500",".367","113","2.8","6.7","-1.8","1.3","22","13744"
"Manny Machado","Orioles","157","696","37","105","96","0","6.9 %","17.2 %",".239",".309",".294",".343",".533",".366","130","-0.4","24.7","15.9","6.6","23","11493"
"Ryon Healy","Athletics","72","283","13","36","37","0","4.2 %","21.2 %",".219",".352",".305",".337",".524",".364","132","-1.5","9.3","-8.3","1.1","24","15447"
"Chris Young","Red Sox","76","227","9","29","24","4","9.3 %","22.0 %",".222",".326",".276",".352",".498",".364","126","0.9","8.0","-4.6","1.1","32","3882"
"Sean Rodriguez","Pirates","140","342","18","49","56","2","9.6 %","29.8 %",".240",".344",".270",".349",".510",".363","128","-1.1","10.5","-3.6","1.8","31","6589"
"Robbie Grossman","Twins","99","389","11","49","37","2","14.1 %","24.7 %",".163",".364",".280",".386",".443",".363","127","1.1","13.6","-20.4","0.7","26","5254"
"Kyle Seager","Mariners","158","676","30","89","99","3","10.2 %","16.0 %",".221",".295",".278",".359",".499",".363","132","-2.0","24.4","6.0","5.5","28","9785"
"Willson Contreras","Cubs","76","283","12","33","35","2","9.2 %","23.7 %",".206",".339",".282",".357",".488",".363","125","-1.2","7.6","4.5","2.2","24","11609"
"Ryan Schimpf","Padres","89","330","20","48","51","1","12.7 %","31.8 %",".315",".260",".217",".336",".533",".362","130","4.2","16.4","-2.7","2.5","28","9953"
"Sandy Leon","Red Sox","78","283","7","36","35","0","8.1 %","23.3 %",".167",".392",".310",".369",".476",".362","125","-1.2","7.3","7.9","2.5","27","5273"
"Jonathan Lucroy","- - -","142","544","24","67","81","5","8.6 %","18.4 %",".208",".322",".292",".355",".500",".362","123","-0.7","14.6","12.5","4.6","30","7870"
"Wilson Ramos","Nationals","131","523","22","58","80","0","6.7 %","15.1 %",".189",".327",".307",".354",".496",".361","124","-6.9","8.5","8.4","3.4","28","1433"
"Carlos Gonzalez","Rockies","150","632","25","87","100","2","7.3 %","20.4 %",".207",".346",".298",".350",".505",".361","110","-1.4","6.1","-6.5","2.0","30","7287"
"Ben Zobrist","Cubs","147","631","18","94","76","6","15.2 %","13.0 %",".174",".290",".272",".386",".446",".360","123","1.7","19.9","-1.5","3.9","35","7435"
"Joc Pederson","Dodgers","137","476","25","64","68","6","13.2 %","27.3 %",".249",".296",".246",".352",".495",".360","128","0.4","16.7","3.2","3.6","24","11899"
"Carlos Beltran","- - -","151","593","29","73","93","1","5.9 %","17.0 %",".217",".315",".295",".337",".513",".358","124","-3.9","12.9","-10.8","2.3","39","589"
"Mark Trumbo","Orioles","159","667","47","94","108","2","7.6 %","25.5 %",".277",".278",".256",".316",".533",".358","125","-2.0","17.6","-18.3","2.2","30","6876"
"Dustin Pedroia","Red Sox","154","698","15","105","74","7","8.7 %","10.5 %",".131",".339",".318",".376",".449",".358","122","-4.5","13.9","14.8","5.4","32","8370"
"Ian Kinsler","Tigers","153","679","28","117","83","14","6.6 %","16.9 %",".196",".314",".288",".348",".484",".356","123","3.6","22.1","10.6","5.7","34","6195"
"Jonathan Villar","Brewers","156","679","19","92","63","62","11.6 %","25.6 %",".171",".373",".285",".369",".457",".356","119","3.2","19.0","-10.4","3.1","25","10071"
"Jose Ramirez","Indians","152","618","11","84","76","22","7.1 %","10.0 %",".150",".333",".312",".363",".462",".355","121","8.8","24.3","0.5","4.7","23","13510"
"Jose Bautista","Blue Jays","116","517","22","68","69","2","16.8 %","19.9 %",".217",".255",".234",".366",".452",".355","122","-5.2","8.5","-12.4","1.4","35","1887"
"Jackie Bradley Jr.","Red Sox","156","636","26","94","87","9","9.9 %","22.5 %",".219",".312",".267",".349",".486",".354","119","5.2","20.0","6.9","5.0","26","12984"
"Justin Turner","Dodgers","151","622","27","79","90","4","7.7 %","17.2 %",".218",".293",".275",".339",".493",".353","123","0.2","18.0","16.0","5.5","31","5235"
"George Springer","Astros","162","744","29","116","82","9","11.8 %","23.9 %",".196",".317",".261",".359",".457",".353","125","-0.4","22.2","-2.9","4.6","26","12856"
"Jake Lamb","Diamondbacks","151","594","29","81","91","6","10.8 %","25.9 %",".260",".294",".249",".332",".509",".352","114","4.5","14.5","-9.0","2.5","25","13329"
"Hyun Soo Kim","Orioles","95","346","6","36","22","1","10.4 %","14.7 %",".118",".345",".302",".382",".420",".352","120","-0.5","8.0","-10.5","0.9","28","18718"
"Cameron Maybin","Tigers","94","391","4","65","43","15","9.2 %","17.6 %",".103",".383",".315",".383",".418",".352","119","2.5","11.5","-5.6","2.0","29","5223"
"Brandon Guyer","- - -","101","345","9","39","32","3","5.5 %","15.9 %",".157",".300",".266",".372",".423",".351","122","-2.6","6.4","-6.9","1.1","30","2636"
"Starling Marte","Pirates","129","529","9","71","46","47","4.3 %","19.7 %",".145",".380",".311",".362",".456",".351","119","7.0","19.6","1.4","3.9","27","9241"
"Neil Walker","Mets","113","458","23","57","55","3","9.2 %","18.3 %",".194",".302",".282",".347",".476",".351","122","-1.5","11.1","10.9","3.7","30","7539"
"Victor Martinez","Tigers","154","610","27","65","86","0","8.2 %","14.8 %",".186",".303",".289",".351",".476",".351","119","-11.4","2.4","-15.1","0.8","37","393"
"Luis Valbuena","Astros","90","342","13","38","40","1","12.9 %","23.7 %",".199",".315",".260",".357",".459",".351","124","-0.1","9.6","-1.3","2.0","30","4969"
"Yasmani Grandal","Dodgers","126","457","27","49","72","1","14.0 %","25.4 %",".249",".250",".228",".339",".477",".350","121","-5.5","6.5","7.3","2.9","27","11368"
"Evan Longoria","Rays","160","685","36","81","98","0","6.1 %","21.0 %",".248",".298",".273",".318",".521",".350","123","0.1","18.6","2.0","4.5","30","9368"
"Nick Castellanos","Tigers","110","447","18","54","58","1","6.3 %","24.8 %",".212",".345",".285",".331",".496",".350","118","-1.6","8.0","-5.4","1.8","24","11737"
"Pedro Alvarez","Orioles","109","376","22","43","49","1","9.8 %","25.8 %",".255",".282",".249",".322",".504",".349","118","2.1","10.4","-11.7","1.2","29","2495"
"Khris Davis","Athletics","150","610","42","85","102","1","6.9 %","27.2 %",".277",".270",".247",".307",".524",".349","121","-2.9","12.7","-10.0","2.4","28","9112"
"Carlos Correa","Astros","153","660","20","76","96","13","11.4 %","21.1 %",".177",".328",".274",".361",".451",".349","123","4.0","21.9","4.7","5.0","21","14162"
"Jose Abreu","White Sox","159","695","25","67","100","0","6.8 %","18.0 %",".175",".327",".293",".353",".468",".349","120","-5.7","11.1","-17.3","1.8","29","15676"
"Hunter Pence","Giants","106","442","13","58","57","1","9.7 %","21.5 %",".162",".348",".289",".357",".451",".349","120","-2.7","8.3","-2.5","2.0","33","8252"
"Mark Reynolds","Rockies","118","441","14","61","53","1","9.5 %","25.4 %",".168",".361",".282",".356",".450",".349","101","-2.7","-2.1","-9.7","0.2","32","7619"
"Derek Dietrich","Marlins","128","412","7","39","42","1","7.8 %","20.4 %",".145",".343",".279",".374",".425",".348","119","-2.5","7.0","-0.1","2.0","26","10542"
"Xander Bogaerts","Red Sox","157","719","21","115","89","13","8.1 %","17.1 %",".152",".335",".294",".356",".446",".348","115","6.1","18.9","4.2","4.9","23","12161"
"Michael Saunders","Blue Jays","140","558","24","70","57","1","10.6 %","28.1 %",".224",".321",".253",".338",".478",".348","117","-0.9","10.6","-15.3","1.5","29","9981"
"Jason Kipnis","Indians","156","688","23","91","82","15","8.7 %","21.2 %",".193",".324",".275",".343",".469",".347","116","1.1","14.2","9.1","4.8","29","9776"
"Chris Carter","Brewers","160","644","41","84","94","3","11.8 %","32.0 %",".277",".260",".222",".321",".499",".346","112","-4.1","5.8","-16.9","1.0","29","9911"
"Yangervis Solarte","Padres","109","443","15","55","71","1","6.8 %","14.2 %",".180",".306",".286",".341",".467",".346","119","0.6","10.8","2.6","2.8","28","5352"
"Asdrubal Cabrera","Mets","141","568","23","65","62","5","6.7 %","18.1 %",".194",".310",".280",".336",".474",".345","119","-3.7","9.4","1.8","3.0","30","4962"
"Stephen Piscotty","Cardinals","153","649","22","86","85","7","7.9 %","20.5 %",".184",".319",".273",".343",".457",".345","116","-3.4","9.6","-2.6","2.8","25","13367"
"Evan Gattis","Astros","128","499","32","58","72","2","8.6 %","25.5 %",".257",".273",".251",".319",".508",".345","120","-2.1","9.8","-0.9","2.6","29","11003"
"Yasmany Tomas","Diamondbacks","140","563","31","72","83","2","5.5 %","24.2 %",".236",".310",".272",".313",".508",".345","109","-5.5","0.4","-19.7","-0.1","25","17171"
"Elvis Andrus","Rangers","147","568","8","75","69","24","8.3 %","12.3 %",".136",".333",".302",".362",".439",".344","112","1.8","9.7","-8.7","2.1","27","8709"
"Giancarlo Stanton","Marlins","119","470","27","56","74","0","10.6 %","29.8 %",".249",".290",".240",".326",".489",".344","116","0.0","9.1","-6.3","1.8","26","4949"
"Adam Eaton","White Sox","157","706","14","91","59","14","8.9 %","16.3 %",".144",".329",".284",".362",".428",".344","117","4.4","18.5","18.0","6.2","27","11205"
"Justin Bour","Marlins","90","321","15","35","51","0","11.8 %","17.4 %",".211",".278",".264",".349",".475",".343","115","-0.1","6.0","-3.3","1.3","28","9744"
"Domingo Santana","Brewers","77","281","11","34","32","2","11.4 %","32.4 %",".191",".359",".256",".345",".447",".343","111","-1.2","2.5","-12.3","-0.1","23","10348"
"Bryce Harper","Nationals","147","627","24","84","86","21","17.2 %","18.7 %",".198",".264",".243",".373",".441",".343","112","2.4","11.5","2.3","3.5","23","11579"
"Keon Broxton","Brewers","75","244","9","28","19","23","14.8 %","36.1 %",".188",".373",".242",".354",".430",".343","110","3.5","6.6","6.3","2.1","26","9253"
"Mike Napoli","Indians","150","645","34","92","101","5","12.1 %","30.1 %",".226",".296",".239",".335",".465",".343","113","-5.2","4.6","-17.3","0.9","34","3057"
"Anthony Rendon","Nationals","156","647","20","91","85","12","10.0 %","18.1 %",".180",".304",".270",".348",".450",".342","111","3.2","12.1","12.9","4.7","26","12861"
"Melky Cabrera","White Sox","151","646","14","70","86","2","7.3 %","10.7 %",".159",".314",".296",".345",".455",".342","116","-3.5","8.7","-14.0","1.7","31","4022"
"Danny Valencia","Athletics","130","517","17","72","51","1","7.9 %","22.2 %",".159",".346",".287",".346",".446",".342","116","-1.5","8.6","-16.2","1.0","31","6364"
"Yadier Molina","Cardinals","147","581","8","56","58","3","6.7 %","10.8 %",".120",".335",".307",".360",".427",".342","114","-8.7","1.3","4.7","2.5","33","7007"
"Tommy Joseph","Phillies","107","347","21","47","47","1","6.3 %","21.6 %",".248",".267",".257",".308",".505",".342","112","-2.0","3.0","-6.0","0.8","24","10349"
"Wil Myers","Padres","157","676","28","99","94","28","10.1 %","23.7 %",".202",".305",".259",".336",".461",".341","116","7.8","20.9","-4.4","3.9","25","10047"
"Buster Posey","Giants","146","614","14","82","80","6","10.4 %","11.1 %",".147",".303",".288",".362",".434",".341","115","-3.1","8.4","10.8","4.0","29","9166"
"Francisco Lindor","Indians","158","684","15","99","78","19","8.3 %","12.9 %",".134",".324",".301",".358",".435",".340","111","1.0","10.2","27.7","6.2","22","12916"
"Kole Calhoun","Angels","157","672","18","91","75","2","10.0 %","17.6 %",".167",".309",".271",".348",".438",".340","117","1.7","15.1","-0.1","3.9","28","11200"
"Chris Davis","Orioles","157","665","38","99","84","1","13.2 %","32.9 %",".239",".279",".221",".332",".459",".340","112","4.3","14.0","-8.9","2.8","30","9272"
"Adam Rosales","Padres","105","248","13","37","35","4","11.7 %","35.5 %",".266",".308",".229",".319",".495",".340","115","2.9","7.4","4.5","2.0","33","9682"
"Jay Bruce","- - -","147","589","33","74","99","4","7.5 %","21.4 %",".256",".266",".250",".309",".506",".340","111","-2.9","5.2","-15.2","0.9","29","9892"
"Curtis Granderson","Mets","150","633","30","88","59","4","11.7 %","20.5 %",".228",".254",".237",".335",".464",".339","114","2.1","13.4","-7.6","2.6","35","4747"
"Jedd Gyorko","Cardinals","128","438","30","58","59","0","8.4 %","21.9 %",".253",".244",".243",".306",".495",".339","112","0.0","6.5","2.4","2.3","27","10816"
"Kendrys Morales","Royals","154","618","30","65","93","0","7.8 %","19.4 %",".204",".283",".263",".327",".468",".339","111","-5.0","3.0","-16.3","0.8","33","8610"
"Tyler Flowers","Braves","83","325","8","27","41","0","8.9 %","28.0 %",".149",".366",".270",".357",".420",".338","110","-2.7","1.2","-1.1","1.1","30","9134"
"Greg Garcia","Cardinals","99","257","3","33","17","1","14.8 %","19.5 %",".093",".346",".276",".393",".369",".338","112","1.8","5.5","5.0","1.9","26","10951"
"Odubel Herrera","Phillies","159","656","15","87","49","25","9.6 %","20.4 %",".134",".349",".286",".361",".420",".338","109","2.6","9.9","6.1","3.8","24","11476"
"Devon Travis","Blue Jays","101","432","11","54","50","4","4.6 %","20.1 %",".154",".358",".300",".332",".454",".337","110","2.5","7.6","2.7","2.6","25","13862"
"C.J. Cron","Angels","116","445","16","51","69","2","5.4 %","16.9 %",".189",".302",".278",".325",".467",".337","114","-2.8","4.8","-4.1","1.6","26","12546"
"Wilmer Flores","Mets","103","335","16","38","49","1","6.9 %","14.3 %",".202",".268",".267",".319",".469",".336","112","-4.8","0.4","-5.9","0.5","24","5827"
"Alex Dickerson","Padres","84","285","10","39","37","5","9.1 %","15.4 %",".198",".274",".257",".333",".455",".336","112","-0.1","4.3","-6.9","0.7","26","12649"
"Rougned Odor","Rangers","150","632","33","89","88","14","3.0 %","21.4 %",".231",".297",".271",".296",".502",".336","106","4.1","8.5","-11.0","1.9","22","12282"
"Logan Forsythe","Rays","127","567","20","76","52","6","8.1 %","22.4 %",".180",".314",".264",".333",".444",".336","113","0.3","9.0","-1.5","2.7","29","7185"
"Ian Desmond","Rangers","156","677","22","107","86","21","6.5 %","23.6 %",".162",".350",".285",".335",".446",".336","106","5.7","10.2","-0.8","3.3","30","6885"
"Franklin Gutierrez","Mariners","98","283","14","33","39","1","10.2 %","30.0 %",".206",".309",".246",".329",".452",".336","114","0.9","5.6","-9.3","0.6","33","3255"
"Alex Bregman","Astros","49","217","8","31","34","2","6.9 %","24.0 %",".214",".317",".264",".313",".478",".336","113","0.6","4.1","-1.2","1.0","22","17678"
"Jefry Marte","Angels","88","284","15","38","44","2","6.3 %","20.8 %",".229",".267",".252",".310",".481",".335","113","-1.4","3.2","1.3","1.4","25","5107"
"Martin Prado","Marlins","153","658","8","70","75","2","7.4 %","10.5 %",".112",".331",".305",".359",".417",".335","110","-1.7","6.4","5.5","3.4","32","3312"
"John Jaso","Pirates","132","432","8","45","42","0","10.4 %","17.1 %",".145",".314",".268",".353",".413",".335","109","-5.5","-0.7","-7.9","0.5","32","5887"
"Matt Holliday","Cardinals","110","426","20","48","62","0","8.2 %","16.7 %",".215",".253",".246",".322",".461",".335","110","-3.0","2.0","-8.7","0.7","36","1873"
"Brandon Drury","Diamondbacks","134","499","16","59","53","1","6.2 %","20.0 %",".176",".327",".282",".329",".458",".335","102","-2.0","-0.7","-18.5","-0.3","23","11615"
"Rickie Weeks Jr.","Diamondbacks","108","205","9","29","27","5","9.8 %","26.3 %",".211",".288",".239",".327",".450",".335","102","0.9","1.4","-7.4","0.0","33","1849"
"Cesar Hernandez","Phillies","155","622","6","67","39","17","10.6 %","18.6 %",".099",".363",".294",".371",".393",".335","107","1.0","6.4","16.1","4.3","26","10556"
"Adrian Gonzalez","Dodgers","156","633","18","69","90","0","8.7 %","18.5 %",".150",".328",".285",".349",".435",".334","111","-4.9","3.6","-11.8","1.2","34","1908"
"Shin-Soo Choo","Rangers","48","210","7","27","17","6","11.9 %","21.9 %",".157",".288",".242",".357",".399",".334","105","0.9","2.1","-4.5","0.5","33","3174"
"David Freese","Pirates","141","492","13","63","55","0","9.1 %","28.9 %",".142",".372",".270",".352",".412",".334","108","-4.2","0.7","0.9","1.8","33","9549"
"Miguel Sano","Twins","116","495","25","57","66","1","10.9 %","36.0 %",".227",".329",".236",".319",".462",".334","107","-1.4","2.5","-6.5","1.3","23","12164"
"Matt Kemp","- - -","156","672","35","89","108","1","5.4 %","23.2 %",".231",".297",".268",".304",".499",".333","109","-0.5","7.0","-21.3","0.7","31","5631"
"J.T. Realmuto","Marlins","137","545","11","60","48","12","5.1 %","18.3 %",".126",".357",".303",".343",".428",".333","109","1.2","7.1","10.3","3.5","25","11739"
"Brad Miller","Rays","152","601","30","73","81","6","7.8 %","24.8 %",".239",".277",".243",".304",".482",".333","111","1.6","9.6","-10.9","2.0","26","12775"
"Jorge Soler","Cubs","86","264","12","37","31","0","11.7 %","25.0 %",".198",".276",".238",".333",".436",".333","105","0.0","1.7","-4.1","0.6","24","14221"
"Adam Duvall","Reds","150","608","33","85","103","6","6.7 %","27.0 %",".257",".275",".241",".297",".498",".333","105","0.8","4.5","4.4","2.9","27","10950"
"Daniel Descalso","Rockies","99","289","8","38","38","3","11.8 %","19.4 %",".160",".305",".264",".349",".424",".332","90","1.8","-1.7","-2.5","0.5","29","8392"
"Gregory Polanco","Pirates","144","587","22","79","86","17","9.0 %","20.3 %",".205",".291",".258",".323",".463",".331","106","0.4","4.8","0.1","2.4","24","12907"
"Jose Peraza","Reds","72","256","3","25","25","21","2.7 %","12.9 %",".087",".361",".324",".352",".411",".331","103","1.0","2.1","-3.7","0.7","22","13593"
"Albert Pujols","Angels","152","650","31","71","119","4","7.5 %","11.5 %",".189",".260",".268",".323",".457",".331","110","-6.0","1.7","-16.1","0.8","36","1177"
"Seth Smith","Mariners","137","438","16","62","63","0","11.0 %","20.3 %",".167",".282",".249",".342",".415",".331","110","-2.4","3.1","-13.0","0.5","33","7331"
"Matt Adams","Cardinals","118","327","16","37","54","0","7.6 %","24.8 %",".222",".286",".249",".309",".471",".331","106","-2.7","-0.1","-4.4","0.6","27","9393"
"Marcell Ozuna","Marlins","148","608","23","75","76","0","7.1 %","18.9 %",".187",".296",".266",".321",".452",".330","106","-0.8","3.9","1.6","2.5","25","10324"
"Justin Upton","Tigers","153","626","31","81","87","9","8.0 %","28.6 %",".219",".301",".246",".310",".465",".329","104","1.6","4.6","-12.8","1.3","28","5222"
"Jose Reyes","Mets","60","279","8","45","24","9","8.2 %","17.6 %",".176",".302",".267",".326",".443",".329","108","2.0","4.7","-1.2","1.3","33","1736"
"Brandon Moss","Cardinals","128","464","28","66","67","1","8.4 %","30.4 %",".259",".261",".225",".300",".484",".329","105","0.3","3.4","-4.0","1.4","32","4467"
"Alex Avila","White Sox","57","209","7","19","11","0","18.2 %","37.3 %",".160",".341",".213",".359",".373",".329","106","-2.1","-0.5","4.7","1.1","29","7476"
"Andrew McCutchen","Pirates","153","675","24","81","79","6","10.2 %","21.2 %",".174",".297",".256",".336",".430",".329","105","-3.0","0.8","-16.5","0.6","29","9847"
"Scott Schebler","Reds","82","282","9","36","40","2","6.7 %","20.9 %",".167",".312",".265",".330",".432",".328","101","0.8","1.3","-4.5","0.6","25","12225"
"Jayson Werth","Nationals","143","606","21","84","69","5","11.7 %","22.9 %",".173",".288",".244",".335",".417",".327","101","2.3","3.2","-12.4","1.0","37","1327"
"Joe Mauer","Twins","134","576","11","68","49","2","13.7 %","16.1 %",".128",".301",".261",".363",".389",".327","102","-2.2","-0.9","-9.4","0.9","33","1857"
"Brandon Crawford","Giants","155","623","12","67","84","7","9.1 %","18.5 %",".156",".322",".275",".342",".430",".327","106","3.4","7.6","28.0","5.7","29","5343"
"Lonnie Chisenhall","Indians","126","418","8","43","57","6","5.5 %","16.7 %",".153",".328",".286",".328",".439",".327","102","2.7","3.6","-6.8","1.1","27","7571"
"Yunel Escobar","Angels","132","567","5","68","39","0","7.1 %","11.8 %",".087",".339",".304",".355",".391",".327","107","-5.6","-0.7","-3.9","1.5","33","4191"
"Troy Tulowitzki","Blue Jays","131","544","24","54","79","1","7.9 %","18.6 %",".189",".272",".254",".318",".443",".327","103","-2.7","-0.8","10.4","2.9","31","3531"
"Eric Hosmer","Royals","158","667","25","80","104","5","8.5 %","19.8 %",".167",".301",".266",".328",".433",".326","102","-5.3","-3.6","-20.4","-0.1","26","3516"
"Brian McCann","Yankees","130","492","20","56","58","1","11.0 %","20.1 %",".170",".269",".242",".335",".413",".326","103","-3.6","-2.0","-1.9","1.3","32","4810"
"Todd Frazier","White Sox","158","666","40","89","98","15","9.6 %","24.5 %",".239",".236",".225",".302",".464",".326","104","0.8","4.3","-2.1","2.5","30","785"
"Jorge Polanco","Twins","69","270","4","24","27","4","6.3 %","17.0 %",".143",".328",".282",".332",".424",".326","101","-1.3","-0.9","-9.3","-0.1","22","13152"
"David Ross","Cubs","67","205","10","24","32","0","14.6 %","26.3 %",".217",".262",".229",".338",".446",".326","100","0.9","1.0","8.8","1.7","39","1551"
"Randal Grichuk","Cardinals","132","478","24","66","68","5","5.9 %","29.5 %",".240",".294",".240",".289",".480",".325","103","2.4","4.0","2.5","2.2","24","10243"
"Nori Aoki","Mariners","118","467","4","63","28","7","7.3 %","9.6 %",".106",".309",".283",".349",".388",".325","106","0.7","4.2","-8.8","1.2","34","13075"
"Billy Butler","- - -","97","274","5","27","35","0","7.7 %","15.3 %",".132",".320",".284",".336",".416",".324","104","-5.8","-4.6","-9.0","-0.4","30","7399"
"Jeremy Hazelbaker","Cardinals","114","224","12","35","28","5","8.0 %","28.6 %",".245",".278",".235",".295",".480",".324","102","-0.3","0.2","-6.3","0.1","28","9399"
"Angel Pagan","Giants","129","543","12","71","55","15","7.7 %","12.2 %",".141",".298",".277",".331",".418",".324","104","1.9","4.2","-1.8","2.0","34","2918"
"Eduardo Nunez","- - -","141","595","16","73","67","40","4.9 %","14.8 %",".145",".314",".288",".325",".432",".324","101","2.8","3.4","2.6","2.6","29","6848"
"Josh Reddick","- - -","115","439","10","53","37","8","8.9 %","12.8 %",".123",".306",".281",".345",".405",".324","104","0.7","2.7","-6.3","1.1","29","3892"
"Nick Hundley","Rockies","83","317","10","30","48","0","7.9 %","20.5 %",".180",".302",".260",".320",".439",".323","84","-1.7","-7.9","1.8","0.4","32","3376"
"Kevin Kiermaier","Rays","105","414","12","55","37","21","9.7 %","17.9 %",".164",".278",".246",".331",".410",".323","104","6.8","8.8","13.8","3.7","26","11038"
"Lorenzo Cain","Royals","103","434","9","56","56","14","7.1 %","19.4 %",".121",".341",".287",".339",".408",".322","99","1.2","0.8","8.9","2.5","30","9077"
"Russell Martin","Blue Jays","137","535","20","62","74","2","12.0 %","27.7 %",".167",".291",".231",".335",".398",".322","100","-1.7","-2.0","2.7","1.9","33","4616"
"Cameron Rupp","Phillies","105","419","16","36","54","1","5.7 %","27.2 %",".195",".315",".252",".303",".447",".321","98","-2.6","-3.6","5.8","1.6","27","11146"
"Carlos Ruiz","- - -","62","233","3","21","15","3","11.6 %","14.2 %",".085",".303",".264",".365",".348",".321","98","-0.2","-0.6","8.1","1.5","37","2579"
"Nick Markakis","Braves","158","684","13","67","89","0","10.4 %","14.8 %",".129",".300",".269",".346",".397",".321","98","-2.4","-4.2","-6.5","1.1","32","5930"
"Ichiro Suzuki","Marlins","143","365","1","48","22","10","8.2 %","11.5 %",".086",".329",".291",".354",".376",".320","100","1.3","1.4","0.9","1.4","42","1101"
"Yasiel Puig","Dodgers","104","368","11","45","45","5","6.5 %","20.1 %",".153",".306",".263",".323",".416",".320","101","0.4","1.0","-3.2","1.0","25","14225"
"Jonathan Schoop","Orioles","162","647","25","82","82","1","3.2 %","21.2 %",".187",".305",".267",".298",".454",".320","99","-0.5","-1.6","0.1","2.1","24","11265"
"Welington Castillo","Diamondbacks","113","457","14","41","68","2","7.2 %","26.5 %",".159",".337",".264",".322",".423",".319","91","-3.4","-8.3","9.8","1.6","29","3256"
"Jon Jay","Padres","90","373","2","49","26","2","5.1 %","20.9 %",".098",".371",".291",".339",".389",".319","101","3.3","3.6","-4.0","1.2","31","5227"
"Ender Inciarte","Braves","131","578","3","85","29","16","7.8 %","11.8 %",".090",".329",".291",".351",".381",".319","97","4.3","1.8","14.8","3.6","25","4922"
"Didi Gregorius","Yankees","153","597","20","68","70","7","3.2 %","13.7 %",".171",".290",".276",".304",".447",".319","98","3.6","1.9","3.8","2.7","26","6012"
"Corey Dickerson","Rays","148","548","24","57","70","0","6.0 %","24.5 %",".224",".285",".245",".293",".469",".319","101","-1.2","-0.6","-3.6","1.5","27","10762"
"Adam Jones","Orioles","152","672","29","86","83","2","5.8 %","17.1 %",".171",".280",".265",".310",".436",".319","97","1.6","-0.5","-7.8","1.5","30","6368"
"Francisco Cervelli","Pirates","101","393","1","42","33","6","14.2 %","18.3 %",".058",".329",".264",".377",".322",".318","98","-0.3","-1.5","4.4","1.6","30","5275"
"Nomar Mazara","Rangers","145","568","20","59","64","0","6.9 %","19.7 %",".153",".299",".266",".320",".419",".318","94","-3.3","-7.7","-0.2","1.2","21","14553"
"Dae-Ho Lee","Mariners","104","317","14","33","49","0","6.3 %","23.3 %",".175",".294",".253",".312",".428",".318","102","-4.6","-3.9","-4.3","0.3","34","18722"
"Trayce Thompson","Dodgers","80","262","13","31","32","5","9.9 %","25.2 %",".212",".255",".225",".302",".436",".318","100","4.3","4.2","-8.5","0.4","25","9952"
"Logan Morrison","Rays","107","398","14","45","43","4","9.3 %","22.4 %",".176",".278",".238",".319",".414",".318","100","0.4","0.6","-9.0","0.5","28","9205"
"Brett Gardner","Yankees","148","634","7","80","41","16","11.0 %","16.7 %",".101",".310",".261",".351",".362",".317","97","7.3","4.8","-2.6","2.4","32","9927"
"Ryan Rua","Rangers","99","269","8","40","22","9","7.8 %","28.3 %",".142",".342",".258",".331",".400",".317","93","2.4","0.1","-4.5","0.5","26","12409"
"Paulo Orlando","Royals","128","484","5","52","43","14","2.7 %","21.7 %",".103",".380",".302",".329",".405",".317","96","0.8","-1.7","1.7","1.7","30","8628"
"Jace Peterson","Braves","115","408","7","45","29","5","12.7 %","16.9 %",".111",".296",".254",".350",".366",".317","95","-1.7","-4.2","-8.9","0.0","26","12325"
"Addison Russell","Cubs","151","598","21","67","95","5","9.2 %","22.6 %",".179",".277",".238",".321",".417",".316","94","1.3","-3.1","21.9","3.9","22","14106"
"Eugenio Suarez","Reds","159","627","21","78","70","11","8.1 %","24.7 %",".163",".304",".248",".317",".411",".316","94","-1.0","-5.8","2.8","1.7","24","12552"
"Jarrod Dyson","Royals","107","337","1","46","25","30","7.7 %","11.6 %",".110",".315",".278",".340",".388",".316","95","5.4","3.5","15.3","3.1","31","4866"
"Cheslor Cuthbert","Royals","128","510","12","49","46","2","6.3 %","18.8 %",".139",".320",".274",".318",".413",".316","95","-4.1","-7.1","-7.4","0.3","23","10473"
"Javier Baez","Cubs","142","450","14","50","59","12","3.3 %","24.0 %",".150",".336",".273",".314",".423",".316","94","2.5","-1.0","12.7","2.7","23","12979"
"Tim Anderson","White Sox","99","431","9","57","30","10","3.0 %","27.1 %",".149",".375",".283",".306",".432",".315","97","0.4","-1.1","10.8","2.5","23","15172"
"Marcus Semien","Athletics","159","621","27","72","75","10","8.2 %","22.4 %",".197",".268",".238",".300",".435",".315","98","-0.3","-1.9","3.4","2.3","25","12533"
"Brandon Phillips","Reds","141","584","11","74","64","14","3.1 %","11.6 %",".125",".312",".291",".320",".416",".315","93","-3.6","-8.8","-0.4","1.0","35","791"
"Scooter Gennett","Brewers","136","542","14","58","56","8","7.0 %","21.0 %",".149",".315",".263",".317",".412",".315","91","-2.6","-8.4","-7.4","0.1","26","10339"
"Tim Beckham","Rays","64","215","5","25","16","2","6.5 %","31.2 %",".187",".349",".247",".300",".434",".314","98","-1.0","-1.5","4.6","1.1","26","7949"
"Conor Gillaspie","Giants","101","205","6","24","25","1","5.9 %","13.7 %",".178",".278",".262",".307",".440",".314","97","-0.1","-0.9","5.2","1.1","28","9009"
"Andres Blanco","Phillies","90","209","4","26","21","2","5.3 %","19.6 %",".153",".301",".253",".316",".405",".313","93","-1.5","-3.4","-2.3","0.1","32","1907"
"Max Kepler","Twins","113","447","17","52","63","6","9.4 %","20.8 %",".189",".261",".235",".309",".424",".313","93","4.4","0.3","-5.4","1.0","23","12144"
"Starlin Castro","Yankees","151","610","21","63","70","4","3.9 %","19.3 %",".163",".305",".270",".300",".433",".313","94","-1.6","-6.3","-4.1","1.1","26","4579"
"Tyler Saladino","White Sox","93","319","8","33","38","11","4.1 %","19.4 %",".128",".329",".282",".315",".409",".313","95","0.1","-1.7","3.8","1.3","26","10807"
"Kirk Nieuwenhuis","Brewers","125","392","13","38","44","8","14.3 %","33.9 %",".176",".302",".209",".324",".385",".313","90","-0.2","-5.0","2.8","1.0","28","6400"
"Aaron Hill","- - -","125","429","10","48","38","4","9.6 %","13.8 %",".116",".284",".262",".336",".378",".313","90","2.3","-2.9","0.1","1.1","34","6104"
"Zack Cozart","Reds","121","508","16","67","50","4","7.3 %","16.5 %",".172",".274",".252",".308",".425",".312","91","-0.4","-6.0","14.5","2.5","30","2616"
"Tony Wolters","Rockies","71","230","3","27","30","4","9.1 %","23.0 %",".137",".336",".259",".327",".395",".312","77","2.0","-4.6","6.5","0.9","24","11470"
"Chase Utley","Dodgers","138","565","14","79","52","2","7.1 %","20.4 %",".145",".299",".252",".319",".396",".312","96","1.3","-1.6","2.7","1.9","37","1679"
"Hernan Perez","Brewers","123","430","13","50","56","34","4.2 %","21.9 %",".156",".322",".272",".302",".428",".312","90","6.0","0.5","-2.4","1.2","25","5751"
"Michael Conforto","Mets","109","348","12","38","42","2","10.3 %","25.6 %",".194",".267",".220",".310",".414",".312","96","1.2","-0.4","1.9","1.3","23","16376"
"Denard Span","Giants","143","637","11","70","53","12","8.3 %","12.4 %",".115",".291",".266",".331",".381",".312","95","2.8","-0.9","-6.1","1.4","32","8347"
"Maikel Franco","Phillies","152","630","25","67","88","1","6.3 %","16.8 %",".172",".271",".255",".306",".427",".311","91","-1.2","-8.0","1.3","1.4","23","12179"
"Brett Lawrie","White Sox","94","384","12","35","36","7","7.8 %","28.4 %",".165",".325",".248",".310",".413",".311","94","3.3","0.6","-4.3","1.0","26","5247"
"Justin Morneau","White Sox","58","218","6","16","25","0","5.5 %","23.9 %",".167",".320",".261",".303",".429",".311","94","0.4","-1.1","-5.7","0.1","35","1737"
"Chris Owings","Diamondbacks","119","466","5","52","49","21","4.3 %","18.7 %",".140",".334",".277",".315",".416",".311","86","2.8","-5.4","-4.0","0.6","24","10030"
"Chase Headley","Yankees","140","529","14","58","51","8","9.6 %","22.3 %",".133",".303",".251",".329",".383",".311","92","3.9","-1.1","8.5","2.6","32","4720"
"Trevor Plouffe","Twins","84","344","12","35","47","1","5.5 %","17.4 %",".160",".284",".260",".303",".420",".311","91","-3.1","-6.9","-8.4","-0.4","30","7462"
"Travis Shaw","Red Sox","145","530","16","63","71","5","8.1 %","25.1 %",".179",".299",".242",".306",".421",".310","89","-1.4","-8.6","6.1","1.6","26","11982"
"Whit Merrifield","Royals","81","332","2","44","29","8","5.7 %","21.7 %",".109",".361",".283",".323",".392",".309","91","3.7","-0.1","5.4","1.7","27","11281"
"Justin Smoak","Blue Jays","126","341","14","33","34","1","11.7 %","32.8 %",".174",".295",".217",".314",".391",".309","91","-1.1","-4.9","-8.0","-0.1","29","9054"
"Ryan Raburn","Rockies","113","256","9","30","30","0","10.9 %","31.3 %",".184",".292",".220",".309",".404",".309","75","0.9","-7.2","-2.4","-0.1","35","2218"
"Jacoby Ellsbury","Yankees","148","626","9","71","56","20","8.6 %","13.4 %",".111",".295",".263",".330",".374",".308","91","2.7","-4.4","2.7","2.0","32","4727"
"Steven Souza Jr.","Rays","120","468","17","58","49","7","6.6 %","34.0 %",".163",".348",".247",".303",".409",".308","94","2.4","-1.0","-2.3","1.3","27","5667"
"Brock Holt","Red Sox","94","324","7","45","34","4","8.3 %","17.9 %",".128",".294",".255",".322",".383",".308","88","3.3","-1.5","-7.1","0.2","28","9345"
"Adonis Garcia","Braves","134","563","14","65","65","3","4.3 %","16.5 %",".133",".308",".273",".311",".406",".308","90","-1.5","-8.8","-0.8","0.8","31","13777"
"Jhonny Peralta","Cardinals","82","313","8","37","29","0","6.4 %","17.9 %",".149",".294",".260",".307",".408",".308","91","-2.2","-5.5","-8.9","-0.5","34","1738"
"Salvador Perez","Royals","139","546","22","57","64","0","4.0 %","21.8 %",".191",".280",".247",".288",".438",".308","89","-4.1","-11.1","14.7","2.3","26","7304"
"Mitch Moreland","Rangers","147","503","22","49","60","1","7.0 %","23.5 %",".189",".266",".233",".298",".422",".307","86","-1.8","-10.1","-3.4","0.4","30","3086"
"J.J. Hardy","Orioles","115","438","9","43","48","0","5.9 %","15.5 %",".138",".299",".269",".309",".407",".307","89","-2.3","-8.0","16.3","2.4","33","3797"
"Matt Wieters","Orioles","124","464","17","48","66","1","6.9 %","18.3 %",".165",".265",".243",".302",".409",".307","89","-0.5","-6.6","8.2","1.8","30","4298"
"Matt Szczur","Cubs","107","200","5","30","24","2","6.5 %","19.5 %",".141",".305",".259",".312",".400",".305","87","-1.0","-4.3","4.8","0.7","26","11255"
"Stephen Vogt","Athletics","137","532","14","54","56","0","6.6 %","15.6 %",".155",".275",".251",".305",".406",".305","91","0.8","-5.0","3.4","1.7","31","5000"
"Joey Rickard","Orioles","85","282","5","32","19","4","6.4 %","19.1 %",".109",".320",".268",".319",".377",".304","88","0.8","-3.4","-12.6","-0.7","25","13277"
"Adam Lind","Mariners","126","430","20","48","58","0","6.0 %","20.7 %",".192",".259",".239",".286",".431",".304","92","-2.7","-6.8","-13.3","-0.6","32","8027"
"Eddie Rosario","Twins","92","354","10","52","32","5","3.4 %","25.7 %",".152",".338",".269",".295",".421",".304","86","4.1","-1.8","-1.4","0.9","24","12155"
"Byron Buxton","Twins","92","331","10","44","38","10","6.9 %","35.6 %",".205",".329",".225",".284",".430",".304","86","5.8","0.2","5.3","1.7","22","14161"
"Jordy Mercer","Pirates","149","584","11","66","59","1","8.7 %","14.2 %",".118",".286",".256",".328",".374",".304","88","3.6","-5.3","-2.0","1.1","29","6547"
"Howie Kendrick","Dodgers","146","543","8","65","40","10","9.2 %","17.7 %",".111",".301",".255",".326",".366",".303","90","2.4","-4.2","-4.6","0.9","32","4229"
"Kurt Suzuki","Twins","106","373","8","34","49","0","4.8 %","12.9 %",".145",".276",".258",".301",".403",".303","85","-4.3","-10.8","3.4","0.5","32","8259"
"Darwin Barney","Blue Jays","104","306","4","35","19","2","7.2 %","15.7 %",".104",".310",".269",".322",".373",".303","87","-0.4","-5.3","9.5","1.5","30","2430"
"Alex Gordon","Royals","128","506","17","62","40","8","10.3 %","29.2 %",".160",".288",".220",".312",".380",".303","86","0.7","-7.8","3.2","1.3","32","5209"
"Phil Gosselin","Diamondbacks","122","240","2","26","13","3","6.3 %","19.2 %",".091",".339",".277",".324",".368",".302","80","2.5","-3.4","0.7","0.5","27","10953"
"James Loney","Mets","100","366","9","30","34","0","4.4 %","10.1 %",".131",".275",".265",".307",".397",".302","89","-1.5","-6.2","-7.5","-0.2","32","4556"
"Rajai Davis","Indians","134","495","12","74","48","43","6.7 %","21.4 %",".139",".299",".249",".306",".388",".302","85","10.0","0.8","1.2","1.9","35","3708"
"Avisail Garcia","White Sox","120","453","12","59","51","4","7.5 %","25.4 %",".140",".309",".245",".307",".385",".302","88","0.3","-6.3","-3.5","0.6","25","5760"
"Andrelton Simmons","Angels","124","483","4","48","44","10","5.8 %","7.9 %",".085",".298",".281",".324",".366",".302","90","-1.5","-7.3","20.8","3.1","26","10847"
"Coco Crisp","- - -","122","498","13","54","55","10","9.2 %","15.7 %",".166",".252",".231",".302",".397",".301","88","0.1","-7.1","-15.0","-0.5","36","1572"
"Kelly Johnson","- - -","131","333","10","25","34","4","7.5 %","19.5 %",".145",".281",".247",".306",".391",".301","87","1.2","-4.0","-0.2","0.7","34","2234"
"Ezequiel Carrera","Blue Jays","110","310","6","47","23","7","8.7 %","22.6 %",".107",".311",".248",".323",".356",".301","85","0.4","-5.1","1.9","0.7","29","9048"
"Jason Castro","Astros","113","376","11","41","32","2","12.0 %","32.7 %",".167",".297",".210",".307",".377",".301","89","-3.3","-8.1","6.8","1.2","29","8722"
"Josh Harrison","Pirates","131","522","4","57","59","19","3.4 %","14.6 %",".105",".323",".283",".311",".388",".301","86","3.2","-6.0","2.9","1.4","28","8202"
"Tucker Barnhart","Reds","115","420","7","34","51","1","8.6 %","17.1 %",".122",".299",".257",".323",".379",".300","83","-6.5","-15.4","11.0","0.9","25","10200"
"Joe Panik","Giants","127","526","10","67","62","5","9.5 %","8.9 %",".140",".245",".239",".315",".379",".300","88","2.2","-5.8","9.3","2.1","25","11936"
"Kolten Wong","Cardinals","121","361","5","39","23","7","9.4 %","14.4 %",".115",".268",".240",".327",".355",".300","86","1.8","-4.6","5.5","1.3","25","12532"
"Mallex Smith","Braves","72","215","3","28","22","16","9.3 %","22.3 %",".127",".302",".238",".316",".365",".300","84","0.0","-4.3","2.5","0.5","23","13608"
"Yonder Alonso","Athletics","156","532","7","52","56","3","8.5 %","13.9 %",".114",".284",".253",".316",".367",".299","87","-3.0","-11.5","-11.0","-0.5","29","2530"
"Miguel Montero","Cubs","86","284","8","33","33","1","13.4 %","20.4 %",".141",".249",".216",".327",".357",".299","82","-2.4","-8.6","-1.3","-0.1","32","3364"
"Michael Bourn","- - -","113","413","5","48","38","15","6.8 %","22.3 %",".107",".336",".264",".314",".371",".298","79","3.0","-7.9","-1.7","0.4","33","6387"
"Marwin Gonzalez","Astros","141","518","13","55","51","12","4.2 %","22.8 %",".147",".311",".254",".293",".401",".298","88","-1.9","-9.5","-4.7","0.3","27","5497"
"Leonys Martin","Mariners","143","576","15","72","47","24","7.6 %","25.9 %",".131",".313",".247",".306",".378",".298","88","4.6","-3.8","5.8","2.2","28","11846"
"Ryan Howard","Phillies","112","362","25","35","59","0","7.5 %","31.5 %",".257",".205",".196",".257",".453",".298","82","-2.9","-10.9","-10.4","-1.0","36","2154"
"Melvin Upton Jr.","- - -","149","539","20","64","61","27","6.9 %","28.8 %",".165",".300",".238",".291",".402",".297","85","5.7","-4.0","-1.5","1.2","31","5015"
"Carlos Gomez","- - -","118","453","13","45","53","18","7.5 %","30.0 %",".153",".313",".231",".298",".384",".296","84","0.7","-8.1","1.5","0.9","30","4881"
"Jurickson Profar","Rangers","90","307","5","35","20","2","9.8 %","19.9 %",".099",".291",".239",".321",".338",".295","78","-1.5","-9.8","2.9","0.4","23","10815"
"Kevin Pillar","Blue Jays","146","584","7","59","53","14","4.1 %","15.4 %",".109",".306",".266",".303",".376",".295","81","1.8","-11.5","23.6","3.3","27","12434"
"Byung-ho Park","Twins","62","244","12","28","24","1","8.6 %","32.8 %",".219",".230",".191",".275",".409",".294","79","1.5","-4.6","-3.3","0.0","29","18497"
"Billy Hamilton","Reds","119","460","3","69","17","58","7.8 %","20.2 %",".083",".329",".260",".321",".343",".294","79","12.8","0.8","14.9","3.1","25","10199"
"Danny Espinosa","Nationals","157","601","24","66","72","9","9.0 %","29.0 %",".169",".261",".209",".306",".378",".294","79","5.1","-10.7","8.3","1.7","29","9219"
"Martin Maldonado","Brewers","76","253","8","21","21","1","13.8 %","22.1 %",".149",".234",".202",".332",".351",".294","77","-0.3","-7.4","7.8","0.9","29","6887"
"Travis Jankowski","Padres","131","383","2","53","12","30","11.0 %","26.1 %",".069",".343",".245",".332",".313",".293","83","3.1","-4.8","13.5","2.1","25","13768"
"Matt Duffy","- - -","91","366","5","41","28","8","6.3 %","14.5 %",".099",".290",".258",".310",".357",".292","83","-2.8","-10.5","10.5","1.2","25","13836"
"Nolan Reimold","Orioles","104","227","6","25","15","1","9.7 %","27.3 %",".143",".287",".222",".300",".365",".292","79","-2.8","-8.6","-3.1","-0.4","32","3441"
"Austin Jackson","White Sox","54","203","0","24","18","2","8.4 %","19.2 %",".088",".319",".254",".318",".343",".292","81","0.7","-4.0","-3.8","-0.1","29","9848"
"Peter Bourjos","Phillies","123","383","5","40","23","6","4.4 %","23.8 %",".138",".323",".251",".292",".389",".291","78","2.4","-8.0","-0.8","0.3","29","2578"
"Jeff Francoeur","- - -","125","331","7","33","34","2","6.0 %","27.2 %",".124",".333",".254",".297",".378",".290","78","0.9","-8.2","0.2","0.3","32","4792"
"Jett Bandy","Angels","70","231","8","23","25","1","4.8 %","16.5 %",".158",".246",".234",".281",".392",".289","81","-3.5","-8.7","7.4","0.7","26","12508"
"Chase d'Arnaud","Braves","84","262","1","24","21","9","8.8 %","19.1 %",".090",".303",".245",".317",".335",".287","76","1.5","-6.3","0.9","0.3","29","6652"
"Tyler White","Astros","86","276","8","24","28","1","8.3 %","23.6 %",".161",".258",".217",".286",".378",".287","80","0.5","-6.1","-6.6","-0.3","25","15564"
"Mark Teixeira","Yankees","116","438","15","43","44","2","10.7 %","24.0 %",".158",".238",".204",".292",".362",".287","76","-2.2","-14.9","-11.1","-1.1","36","1281"
"Johnny Giavotella","Angels","99","367","6","44","31","4","3.5 %","10.6 %",".116",".276",".260",".287",".376",".285","79","-2.1","-11.5","-0.7","0.0","28","6740"
"Gerardo Parra","Rockies","102","381","7","45","39","6","2.4 %","19.2 %",".147",".297",".253",".271",".399",".284","58","-3.6","-23.2","-5.5","-1.7","29","8553"
"Freddy Galvis","Phillies","158","624","20","61","67","17","4.0 %","21.8 %",".158",".280",".241",".274",".399",".284","73","1.2","-19.4","22.0","2.3","26","6609"
"Jake Smolinski","Athletics","99","319","7","28","27","1","6.0 %","13.8 %",".107",".257",".238",".299",".345",".284","76","-3.4","-12.4","-1.8","-0.3","27","5408"
"Tyler Holt","Reds","106","208","0","21","13","4","11.1 %","23.1 %",".061",".318",".235",".327",".296",".283","72","0.7","-6.5","-6.1","-0.6","27","11391"
"Michael Taylor","Nationals","76","237","7","28","16","14","5.9 %","32.5 %",".145",".319",".231",".278",".376",".283","72","2.3","-6.0","2.2","0.4","25","11489"
"Jose Iglesias","Tigers","137","513","4","57","32","7","5.5 %","9.7 %",".081",".276",".255",".306",".336",".283","72","1.8","-15.3","17.6","2.0","26","10231"
"Chris Iannetta","Mariners","94","338","7","23","24","0","11.2 %","24.6 %",".119",".266",".210",".303",".329",".282","77","-0.9","-10.1","7.5","0.9","33","8267"
"Jed Lowrie","Athletics","87","369","2","30","27","0","7.0 %","17.6 %",".059",".316",".263",".314",".322",".282","75","-4.2","-15.1","-5.2","-0.8","32","4418"
"Gregorio Petit","Angels","89","223","2","21","17","1","6.7 %","22.9 %",".103",".316",".245",".299",".348",".282","76","-2.6","-8.9","-0.9","-0.2","31","3812"
"Jason Heyward","Cubs","142","592","7","61","49","11","9.1 %","15.7 %",".094",".266",".230",".306",".325",".282","71","2.0","-19.2","15.4","1.5","26","4940"
"Colby Rasmus","Astros","107","417","15","38","54","4","10.3 %","29.0 %",".149",".257",".206",".286",".355",".282","76","0.6","-11.3","11.1","1.4","29","9893"
"Gordon Beckham","- - -","88","279","5","25","31","1","9.3 %","18.6 %",".135",".245",".212",".294",".347",".281","71","-1.2","-11.1","-3.8","-0.6","29","9015"
"Clint Robinson","Nationals","104","225","5","16","26","0","8.9 %","17.3 %",".096",".259",".234",".304",".330",".280","70","-2.7","-11.1","-7.8","-1.2","31","6908"
"Brett Wallace","Padres","119","256","6","19","20","0","11.3 %","32.4 %",".129",".271",".189",".309",".318",".280","75","-0.8","-8.8","-7.4","-0.8","29","8434"
"Dee Gordon","Marlins","79","345","1","47","14","30","5.2 %","15.9 %",".068",".319",".268",".305",".335",".280","73","6.2","-5.3","4.1","1.0","28","8203"
"Travis d'Arnaud","Mets","75","276","4","27","15","0","6.9 %","18.1 %",".076",".293",".247",".307",".323",".279","74","-0.4","-9.2","1.3","0.1","27","7739"
"Cody Asche","Phillies","71","218","4","22","18","3","8.3 %","24.8 %",".137",".271",".213",".284",".350",".279","70","1.1","-7.1","-6.2","-0.6","26","11997"
"Desmond Jennings","Rays","65","225","7","22","20","2","9.3 %","25.8 %",".150",".243",".200",".281",".350",".278","73","0.9","-6.4","-5.7","-0.5","29","1965"
"Alcides Escobar","Royals","162","682","7","57","55","17","4.0 %","14.1 %",".089",".295",".261",".292",".350",".278","69","-0.8","-26.3","8.1","0.5","29","6310"
"Jarrod Saltalamacchia","Tigers","92","292","12","30","38","0","14.0 %","35.6 %",".175",".222",".171",".284",".346",".277","68","1.0","-10.2","1.0","0.1","31","5557"
"Oswaldo Arcia","- - -","69","222","8","17","23","1","8.1 %","36.0 %",".163",".287",".203",".270",".366",".277","70","0.0","-8.0","-8.6","-0.9","25","10306"
"Ivan De Jesus","Reds","104","243","1","21","20","3","7.0 %","21.0 %",".059",".324",".253",".311",".312",".277","67","-0.4","-10.1","3.7","0.1","29","9886"
"Ryan Zimmerman","Nationals","115","467","15","60","46","4","6.2 %","22.3 %",".152",".248",".218",".272",".370",".277","67","1.0","-17.9","-9.4","-1.3","31","4220"
"Prince Fielder","Rangers","89","370","8","29","44","0","8.6 %","17.0 %",".123",".235",".212",".292",".334",".276","65","-3.2","-18.8","-11.2","-1.8","32","4613"
"Alejandro De Aza","Mets","130","267","6","31","25","4","9.7 %","25.1 %",".115",".259",".205",".297",".321",".276","72","-1.2","-10.3","0.0","-0.2","32","3371"
"Shawn O'Malley","Mariners","89","232","2","24","17","6","7.8 %","25.4 %",".090",".309",".229",".299",".319",".276","73","-0.6","-8.3","2.5","0.2","28","9629"
"Orlando Arcia","Brewers","55","216","4","21","17","8","6.9 %","21.8 %",".139",".267",".219",".273",".358",".274","64","0.9","-8.6","-0.4","-0.2","21","13185"
"Cristhian Adames","Rockies","121","256","2","25","17","2","9.4 %","18.4 %",".084",".267",".218",".304",".302",".274","51","-0.6","-15.9","-1.7","-1.0","24","6013"
"James McCann","Tigers","105","373","12","31","48","0","6.2 %","29.2 %",".137",".283",".221",".272",".358",".273","66","-4.0","-19.4","13.7","0.7","26","12859"
"Rene Rivera","Mets","65","207","6","12","26","0","7.7 %","26.1 %",".119",".276",".222",".291",".341",".273","70","-0.5","-8.1","6.2","0.5","32","3648"
"Christian Bethancourt","Padres","73","204","6","20","25","1","4.9 %","27.5 %",".140",".288",".228",".265",".368",".273","70","-1.4","-9.0","2.2","0.0","24","10028"
"Gregor Blanco","Giants","106","274","1","28","18","6","10.6 %","18.6 %",".087",".279",".224",".309",".311",".272","69","0.5","-9.9","-6.0","-0.7","32","3123"
"Erick Aybar","- - -","126","459","3","34","34","3","6.8 %","15.3 %",".077",".283",".243",".303",".320",".271","65","-3.9","-23.9","-2.5","-1.2","32","4082"
"Bobby Wilson","- - -","75","251","7","25","33","0","4.4 %","25.5 %",".118",".292",".237",".270",".355",".270","64","0.0","-11.0","2.3","0.0","33","6564"
"Aaron Hicks","Yankees","123","361","8","32","31","3","8.3 %","18.8 %",".119",".248",".217",".281",".336",".270","64","-0.3","-15.9","1.5","-0.2","26","5297"
"Aaron Altherr","Phillies","57","227","4","23","23","7","10.1 %","30.4 %",".091",".288",".202",".304",".293",".270","63","-0.5","-10.8","0.4","-0.3","25","11270"
"Enrique Hernandez","Dodgers","109","244","7","25","18","2","11.5 %","26.2 %",".134",".234",".190",".283",".324",".270","67","0.5","-9.3","3.3","0.2","24","10472"
"Eduardo Escobar","Twins","105","377","6","32","37","1","5.6 %","19.1 %",".102",".280",".236",".280",".338",".269","62","0.2","-16.9","-1.9","-0.6","27","6153"
"Chris Coghlan","- - -","99","300","6","35","30","2","11.7 %","24.3 %",".130",".235",".188",".290",".318",".269","64","1.2","-11.6","-3.4","-0.5","31","6878"
"Curt Casali","Rays","84","256","8","23","25","0","9.8 %","32.0 %",".150",".250",".186",".273",".336",".268","67","-3.0","-13.3","5.0","0.0","27","12510"
"Brett Eibner","- - -","70","208","6","21","22","0","9.1 %","24.0 %",".160",".227",".193",".266",".353",".268","64","0.0","-8.9","3.7","0.2","27","11369"
"Chris Johnson","Marlins","113","264","5","20","24","0","7.2 %","29.5 %",".107",".306",".222",".281",".329",".267","64","-2.7","-14.4","-1.8","-0.8","31","1191"
"Ketel Marte","Mariners","119","466","1","55","33","11","3.9 %","18.0 %",".064",".313",".259",".287",".323",".266","66","1.5","-17.4","-4.9","-0.7","22","13613"
"Danny Santana","Twins","75","248","2","29","14","12","4.8 %","22.2 %",".086",".305",".240",".279",".326",".265","59","-0.7","-12.8","-2.7","-0.7","25","10322"
"Miguel Rojas","Marlins","123","214","1","27","14","2","5.1 %","12.6 %",".077",".280",".247",".288",".325",".265","63","-0.2","-10.0","4.3","0.1","27","7802"
"Alexei Ramirez","- - -","145","506","6","38","48","8","4.2 %","12.5 %",".092",".265",".241",".277",".333",".264","64","-2.5","-24.9","-14.5","-2.4","34","5133"
"Delino DeShields","Rangers","74","203","4","36","13","8","7.4 %","26.6 %",".104",".272",".209",".275",".313",".261","55","2.9","-8.2","3.3","0.2","23","11379"
"Alex Rodriguez","Yankees","65","243","9","19","31","3","5.8 %","27.6 %",".151",".237",".200",".247",".351",".258","56","-0.8","-13.7","-6.2","-1.2","40","1274"
"Dioner Navarro","- - -","101","334","6","26","35","1","6.9 %","21.3 %",".115",".248",".207",".265",".322",".258","57","-2.2","-19.2","4.9","-0.3","32","3179"
"Jake Marisnick","Astros","118","311","5","40","21","10","5.1 %","26.7 %",".122",".275",".209",".257",".331",".257","59","0.8","-14.4","2.8","-0.1","25","11339"
"Rafael Ortega","Angels","66","202","1","24","16","8","6.4 %","11.4 %",".059",".261",".232",".283",".292",".257","59","1.0","-9.0","-0.5","-0.3","25","10323"
"Juan Uribe","Indians","73","259","7","19","25","0","5.8 %","18.9 %",".126",".227",".206",".259",".332",".256","53","-1.2","-15.7","8.3","0.1","37","454"
"Adeiny Hechavarria","Marlins","155","547","3","52","38","1","6.0 %","13.3 %",".075",".269",".236",".283",".311",".256","57","2.0","-26.9","14.6","0.5","27","10459"
"Derek Norris","Padres","125","458","14","50","42","9","7.9 %","30.3 %",".142",".238",".186",".255",".328",".252","56","1.8","-23.2","5.5","-0.3","27","6867"
"Ramon Flores","Brewers","104","289","2","18","19","3","10.7 %","20.1 %",".056",".254",".205",".294",".261",".250","48","-1.1","-19.5","-1.6","-1.2","24","11165"
"Billy Burns","- - -","97","332","0","39","13","17","3.0 %","11.1 %",".061",".264",".235",".271",".296",".247","51","4.2","-15.5","-2.0","-0.6","26","12701"
"Carlos Perez","Angels","87","291","5","25","31","1","4.1 %","16.8 %",".116",".236",".209",".244",".325",".246","52","-0.7","-17.5","7.6","0.0","25","10642"
"Ben Revere","Nationals","103","375","2","44","24","14","4.8 %","9.1 %",".083",".234",".217",".260",".300",".246","47","0.5","-24.2","0.9","-1.2","28","4712"
"Nick Ahmed","Diamondbacks","90","308","4","26","20","5","4.9 %","18.8 %",".081",".258",".218",".265",".299",".245","42","0.9","-21.2","12.3","0.1","26","12147"
"Tyler Goeddel","Phillies","92","234","4","17","16","3","7.3 %","22.2 %",".099",".234",".192",".258",".291",".244","46","1.3","-14.2","-7.3","-1.4","23","13180"
"J.B. Shuck","White Sox","81","241","4","27","14","3","5.0 %","8.7 %",".094",".210",".205",".248",".299",".240","46","0.5","-15.3","-8.8","-1.6","29","6677"
"A.J. Pierzynski","Braves","81","259","2","15","23","1","2.3 %","11.2 %",".085",".237",".219",".243",".304",".236","41","-3.3","-22.2","4.6","-1.0","39","746"
"Yan Gomes","Indians","74","264","9","22","34","0","3.4 %","26.1 %",".159",".189",".167",".201",".327",".225","32","-0.2","-21.7","6.9","-0.6","28","9627"
