"","Team Code","Name","Conference Code","Year"
"1",5,"Akron",875,2013
"2",8,"Alabama",911,2013
"3",9,"UAB",24312,2013
"4",28,"Arizona State",905,2013
"5",29,"Arizona",905,2013
"6",30,"Arkansas State",818,2013
"7",31,"Arkansas",911,2013
"8",37,"Auburn",911,2013
"9",47,"Ball State",875,2013
"10",51,"Baylor",25354,2013
"11",66,"Boise State",5486,2013
"12",67,"Boston College",821,2013
"13",71,"Bowling Green",875,2013
"14",77,"BYU",99001,2013
"15",86,"Buffalo",875,2013
"16",96,"Fresno State",5486,2013
"17",107,"California",905,2013
"18",110,"UCLA",905,2013
"19",128,"UCF",823,2013
"20",129,"Central Michigan",875,2013
"21",140,"Cincinnati",823,2013
"22",147,"Clemson",821,2013
"23",156,"Colorado State",5486,2013
"24",157,"Colorado",905,2013
"25",164,"Connecticut",823,2013
"26",193,"Duke",821,2013
"27",196,"East Carolina",24312,2013
"28",204,"Eastern Michigan",875,2013
"29",229,"Florida Atlantic",24312,2013
"30",231,"Florida International",24312,2013
"31",234,"Florida State",821,2013
"32",235,"Florida",911,2013
"33",254,"Georgia State",818,2013
"34",255,"Georgia Tech",821,2013
"35",257,"Georgia",911,2013
"36",277,"Hawai'i",5486,2013
"37",288,"Houston",823,2013
"38",295,"Idaho",99001,2013
"39",301,"Illinois",827,2013
"40",306,"Indiana",827,2013
"41",311,"Iowa State",25354,2013
"42",312,"Iowa",827,2013
"43",327,"Kansas State",25354,2013
"44",328,"Kansas",25354,2013
"45",331,"Kent State",875,2013
"46",334,"Kentucky",911,2013
"47",365,"LSU",911,2013
"48",366,"Louisiana Tech",24312,2013
"49",367,"Louisville",823,2013
"50",388,"Marshall",24312,2013
"51",392,"Maryland",821,2013
"52",400,"Massachusetts",875,2013
"53",404,"Memphis",823,2013
"54",414,"Miami (Ohio)",875,2013
"55",415,"Miami (Florida)",821,2013
"56",416,"Michigan State",827,2013
"57",418,"Michigan",827,2013
"58",419,"Middle Tennessee",24312,2013
"59",428,"Minnesota",827,2013
"60",430,"Mississippi State",911,2013
"61",433,"Mississippi",911,2013
"62",434,"Missouri",911,2013
"63",457,"North Carolina",821,2013
"64",463,"Nebraska",827,2013
"65",465,"UNLV",5486,2013
"66",466,"Nevada",5486,2013
"67",472,"New Mexico State",99001,2013
"68",473,"New Mexico",5486,2013
"69",490,"North Carolina State",821,2013
"70",497,"North Texas",24312,2013
"71",498,"Louisiana-Monroe",818,2013
"72",503,"Northern Illinois",875,2013
"73",509,"Northwestern",827,2013
"74",513,"Notre Dame",99001,2013
"75",518,"Ohio State",827,2013
"76",519,"Ohio",875,2013
"77",521,"Oklahoma State",25354,2013
"78",522,"Oklahoma",25354,2013
"79",528,"Oregon State",905,2013
"80",529,"Oregon",905,2013
"81",539,"Penn State",827,2013
"82",545,"Pittsburgh",821,2013
"83",559,"Purdue",827,2013
"84",574,"Rice",24312,2013
"85",587,"Rutgers",823,2013
"86",626,"San Diego State",5486,2013
"87",630,"San Jose State",5486,2013
"88",646,"South Alabama",818,2013
"89",648,"South Carolina",911,2013
"90",651,"South Florida",823,2013
"91",657,"USC",905,2013
"92",663,"SMU",823,2013
"93",664,"Southern Mississippi",24312,2013
"94",670,"Texas State",818,2013
"95",671,"Louisiana-Lafayette",818,2013
"96",674,"Stanford",905,2013
"97",688,"Syracuse",821,2013
"98",690,"Temple",823,2013
"99",694,"Tennessee",911,2013
"100",697,"Texas A&M",911,2013
"101",698,"TCU",25354,2013
"102",700,"Texas Tech",25354,2013
"103",703,"Texas",25354,2013
"104",704,"UTEP",24312,2013
"105",706,"UTSA",24312,2013
"106",709,"Toledo",875,2013
"107",716,"Troy",818,2013
"108",718,"Tulane",24312,2013
"109",719,"Tulsa",24312,2013
"110",721,"Air Force",5486,2013
"111",725,"Army",99001,2013
"112",726,"Navy",99001,2013
"113",731,"Utah State",5486,2013
"114",732,"Utah",905,2013
"115",736,"Vanderbilt",911,2013
"116",742,"Virginia Tech",821,2013
"117",746,"Virginia",821,2013
"118",749,"Wake Forest",821,2013
"119",754,"Washington State",905,2013
"120",756,"Washington",905,2013
"121",768,"West Virginia",25354,2013
"122",772,"Western Kentucky",818,2013
"123",774,"Western Michigan",875,2013
"124",796,"Wisconsin",827,2013
"125",811,"Wyoming",5486,2013
"126",2,"Abilene Christian",99005,2013
"127",6,"Alabama A&M",916,2013
"128",7,"Alabama St.",916,2013
"129",14,"Albany (N.Y.)",846,2013
"130",17,"Alcorn St.",916,2013
"131",27,"Appalachian State",912,2013
"132",43,"Austin Peay",902,2013
"133",48,"Charleston So.",826,2013
"134",61,"Bethune-Cookman",876,2013
"135",80,"Brown",865,2013
"136",81,"Bryant",846,2013
"137",83,"Bucknell",838,2013
"138",87,"Butler",21451,2013
"139",90,"Cal Poly",825,2013
"140",102,"Sacramento State",825,2013
"141",108,"UC Davis",825,2013
"142",115,"Campbell",21451,2013
"143",127,"Central Conn. St.",846,2013
"144",141,"Citadel",912,2013
"145",149,"Coastal Carolina",826,2013
"146",153,"Colgate",838,2013
"147",158,"Columbia",865,2013
"148",167,"Cornell",865,2013
"149",172,"Dartmouth",865,2013
"150",173,"Davidson",21451,2013
"151",175,"Dayton",21451,2013
"152",178,"Delaware State",876,2013
"153",180,"Delaware",837,2013
"154",189,"Drake",21451,2013
"155",194,"Duquesne",846,2013
"156",201,"Eastern Illinois",902,2013
"157",202,"Eastern Kentucky",902,2013
"158",207,"Eastern Washington",825,2013
"159",228,"Florida A&M",876,2013
"160",236,"Fordham",838,2013
"161",244,"Furman",912,2013
"162",251,"Georgetown",838,2013
"163",253,"Georgia Southern",912,2013
"164",261,"Grambling",916,2013
"165",270,"Hampton",876,2013
"166",275,"Harvard",865,2013
"167",285,"Holy Cross",838,2013
"168",290,"Howard",876,2013
"169",294,"Idaho State",825,2013
"170",299,"Illinois State",853,2013
"171",305,"Indiana State",853,2013
"172",314,"Jackson State",916,2013
"173",315,"Jacksonville State",902,2013
"174",316,"Jacksonville",21451,2013
"175",317,"James Madison",837,2013
"176",342,"Lafayette",838,2013
"177",346,"Lamar",914,2013
"178",352,"Lehigh",838,2013
"179",355,"Liberty",826,2013
"180",380,"Maine",837,2013
"181",386,"Marist",21451,2013
"182",402,"McNeese State",914,2013
"183",432,"Mississippi Valley State",916,2013
"184",439,"Monmouth",846,2013
"185",440,"Montana State",825,2013
"186",441,"Montana",825,2013
"187",444,"Morehead State",21451,2013
"188",446,"Morgan State",876,2013
"189",454,"Murray State",902,2013
"190",469,"New Hampshire",837,2013
"191",483,"Nicholls State",914,2013
"192",485,"Norfolk State",876,2013
"193",488,"North Carolina A&T",876,2013
"194",489,"N.C. Central",876,2013
"195",493,"North Dakota State",853,2013
"196",494,"North Dakota",825,2013
"197",501,"Northern Arizona",825,2013
"198",502,"Northern Colorado",825,2013
"199",504,"Northern Iowa",853,2013
"200",508,"Northwestern State",914,2013
"201",523,"Old Dominion",837,2013
"202",540,"Pennsylvania",865,2013
"203",550,"Portland State",825,2013
"204",553,"Prairie View A&M",916,2013
"205",554,"Princeton",865,2013
"206",572,"Rhode Island",837,2013
"207",575,"Richmond",837,2013
"208",579,"Robert Morris",846,2013
"209",590,"Sacred Heart",846,2013
"210",600,"St. Francis (Pa.)",846,2013
"211",624,"Sam Houston State",914,2013
"212",625,"Samford",912,2013
"213",627,"San Diego",21451,2013
"214",632,"Savannah State",876,2013
"215",647,"South Carolina State",876,2013
"216",649,"South Dakota State",853,2013
"217",650,"South Dakota",853,2013
"218",654,"Southeast Missouri State",902,2013
"219",655,"Southeastern Louisiana",914,2013
"220",659,"Southern Illinois",853,2013
"221",665,"Southern University",916,2013
"222",667,"Southern Utah",825,2013
"223",669,"Missouri State",853,2013
"224",676,"Stephen F. Austin",914,2013
"225",683,"Stony Brook",826,2013
"226",691,"Tennessee State",902,2013
"227",692,"Tennessee Tech",902,2013
"228",693,"Chattanooga",912,2013
"229",695,"Tennessee-Martin",902,2013
"230",699,"Texas Southern",916,2013
"231",711,"Towson",837,2013
"232",735,"Valparaiso",21451,2013
"233",739,"Villanova",837,2013
"234",741,"Virginia Military",826,2013
"235",748,"Wagner",846,2013
"236",758,"Weber State",825,2013
"237",769,"Western Carolina",912,2013
"238",771,"Western Illinois",853,2013
"239",786,"William & Mary",837,2013
"240",813,"Yale",865,2013
"241",817,"Youngstown State",853,2013
"242",1004,"Central Arkansas",914,2013
"243",1068,"Elon",912,2013
"244",1092,"Gardner-Webb",826,2013
"245",1320,"Presbyterian",826,2013
"246",2678,"Arkansas-Pine Bluff",916,2013
"247",2915,"Wofford",912,2013
"248",5,"Akron",875,2012
"249",8,"Alabama",911,2012
"250",9,"UAB",24312,2012
"251",28,"Arizona State",905,2012
"252",29,"Arizona",905,2012
"253",30,"Arkansas State",818,2012
"254",31,"Arkansas",911,2012
"255",37,"Auburn",911,2012
"256",47,"Ball State",875,2012
"257",51,"Baylor",25354,2012
"258",66,"Boise State",5486,2012
"259",67,"Boston College",821,2012
"260",71,"Bowling Green",875,2012
"261",77,"BYU",99001,2012
"262",86,"Buffalo",875,2012
"263",96,"Fresno State",5486,2012
"264",107,"California",905,2012
"265",110,"UCLA",905,2012
"266",128,"UCF",24312,2012
"267",129,"Central Michigan",875,2012
"268",140,"Cincinnati",823,2012
"269",147,"Clemson",821,2012
"270",156,"Colorado State",5486,2012
"271",157,"Colorado",905,2012
"272",164,"Connecticut",823,2012
"273",193,"Duke",821,2012
"274",196,"East Carolina",24312,2012
"275",204,"Eastern Michigan",875,2012
"276",229,"Florida Atlantic",818,2012
"277",231,"Florida International",818,2012
"278",234,"Florida State",821,2012
"279",235,"Florida",911,2012
"280",255,"Georgia Tech",821,2012
"281",257,"Georgia",911,2012
"282",277,"Hawai'i",5486,2012
"283",288,"Houston",24312,2012
"284",295,"Idaho",923,2012
"285",301,"Illinois",827,2012
"286",306,"Indiana",827,2012
"287",311,"Iowa State",25354,2012
"288",312,"Iowa",827,2012
"289",327,"Kansas State",25354,2012
"290",328,"Kansas",25354,2012
"291",331,"Kent State",875,2012
"292",334,"Kentucky",911,2012
"293",365,"LSU",911,2012
"294",366,"Louisiana Tech",923,2012
"295",367,"Louisville",823,2012
"296",388,"Marshall",24312,2012
"297",392,"Maryland",821,2012
"298",400,"Massachusetts",875,2012
"299",404,"Memphis",24312,2012
"300",414,"Miami (Ohio)",875,2012
"301",415,"Miami (Florida)",821,2012
"302",416,"Michigan State",827,2012
"303",418,"Michigan",827,2012
"304",419,"Middle Tennessee",818,2012
"305",428,"Minnesota",827,2012
"306",430,"Mississippi State",911,2012
"307",433,"Mississippi",911,2012
"308",434,"Missouri",911,2012
"309",457,"North Carolina",821,2012
"310",463,"Nebraska",827,2012
"311",465,"UNLV",5486,2012
"312",466,"Nevada",5486,2012
"313",472,"New Mexico State",923,2012
"314",473,"New Mexico",5486,2012
"315",490,"North Carolina State",821,2012
"316",497,"North Texas",818,2012
"317",498,"Louisiana-Monroe",818,2012
"318",503,"Northern Illinois",875,2012
"319",509,"Northwestern",827,2012
"320",513,"Notre Dame",99001,2012
"321",518,"Ohio State",827,2012
"322",519,"Ohio",875,2012
"323",521,"Oklahoma State",25354,2012
"324",522,"Oklahoma",25354,2012
"325",528,"Oregon State",905,2012
"326",529,"Oregon",905,2012
"327",539,"Penn State",827,2012
"328",545,"Pittsburgh",823,2012
"329",559,"Purdue",827,2012
"330",574,"Rice",24312,2012
"331",587,"Rutgers",823,2012
"332",626,"San Diego State",5486,2012
"333",630,"San Jose State",923,2012
"334",646,"South Alabama",818,2012
"335",648,"South Carolina",911,2012
"336",651,"South Florida",823,2012
"337",657,"USC",905,2012
"338",663,"SMU",24312,2012
"339",664,"Southern Mississippi",24312,2012
"340",670,"Texas State",923,2012
"341",671,"Louisiana-Lafayette",818,2012
"342",674,"Stanford",905,2012
"343",688,"Syracuse",823,2012
"344",690,"Temple",823,2012
"345",694,"Tennessee",911,2012
"346",697,"Texas A&M",911,2012
"347",698,"TCU",25354,2012
"348",700,"Texas Tech",25354,2012
"349",703,"Texas",25354,2012
"350",704,"UTEP",24312,2012
"351",706,"UTSA",923,2012
"352",709,"Toledo",875,2012
"353",716,"Troy",818,2012
"354",718,"Tulane",24312,2012
"355",719,"Tulsa",24312,2012
"356",721,"Air Force",5486,2012
"357",725,"Army",99001,2012
"358",726,"Navy",99001,2012
"359",731,"Utah State",923,2012
"360",732,"Utah",905,2012
"361",736,"Vanderbilt",911,2012
"362",742,"Virginia Tech",821,2012
"363",746,"Virginia",821,2012
"364",749,"Wake Forest",821,2012
"365",754,"Washington State",905,2012
"366",756,"Washington",905,2012
"367",768,"West Virginia",25354,2012
"368",772,"Western Kentucky",818,2012
"369",774,"Western Michigan",875,2012
"370",796,"Wisconsin",827,2012
"371",811,"Wyoming",5486,2012
"372",6,"Alabama A&M",916,2012
"373",7,"Alabama St.",916,2012
"374",14,"Albany (N.Y.)",846,2012
"375",17,"Alcorn St.",916,2012
"376",27,"Appalachian State",912,2012
"377",43,"Austin Peay",902,2012
"378",48,"Charleston So.",826,2012
"379",61,"Bethune-Cookman",876,2012
"380",80,"Brown",865,2012
"381",81,"Bryant",846,2012
"382",83,"Bucknell",838,2012
"383",87,"Butler",21451,2012
"384",90,"Cal Poly",99005,2012
"385",102,"Sacramento State",825,2012
"386",108,"UC Davis",99005,2012
"387",115,"Campbell",21451,2012
"388",127,"Central Conn. St.",846,2012
"389",141,"Citadel",912,2012
"390",149,"Coastal Carolina",826,2012
"391",153,"Colgate",838,2012
"392",158,"Columbia",865,2012
"393",167,"Cornell",865,2012
"394",172,"Dartmouth",865,2012
"395",173,"Davidson",21451,2012
"396",175,"Dayton",21451,2012
"397",178,"Delaware State",876,2012
"398",180,"Delaware",837,2012
"399",189,"Drake",21451,2012
"400",194,"Duquesne",846,2012
"401",201,"Eastern Illinois",902,2012
"402",202,"Eastern Kentucky",902,2012
"403",207,"Eastern Washington",825,2012
"404",228,"Florida A&M",876,2012
"405",236,"Fordham",838,2012
"406",244,"Furman",912,2012
"407",251,"Georgetown",838,2012
"408",253,"Georgia Southern",912,2012
"409",254,"Georgia State",99005,2012
"410",261,"Grambling",916,2012
"411",270,"Hampton",876,2012
"412",275,"Harvard",865,2012
"413",285,"Holy Cross",838,2012
"414",290,"Howard",876,2012
"415",294,"Idaho State",825,2012
"416",299,"Illinois State",853,2012
"417",305,"Indiana State",853,2012
"418",314,"Jackson State",916,2012
"419",315,"Jacksonville State",902,2012
"420",316,"Jacksonville",21451,2012
"421",317,"James Madison",837,2012
"422",342,"Lafayette",838,2012
"423",346,"Lamar",914,2012
"424",352,"Lehigh",838,2012
"425",355,"Liberty",826,2012
"426",380,"Maine",837,2012
"427",386,"Marist",21451,2012
"428",402,"McNeese State",914,2012
"429",432,"Mississippi Valley State",916,2012
"430",439,"Monmouth",846,2012
"431",440,"Montana State",825,2012
"432",441,"Montana",825,2012
"433",444,"Morehead State",21451,2012
"434",446,"Morgan State",876,2012
"435",454,"Murray State",902,2012
"436",469,"New Hampshire",837,2012
"437",483,"Nicholls State",914,2012
"438",485,"Norfolk State",876,2012
"439",488,"North Carolina A&T",876,2012
"440",489,"N.C. Central",876,2012
"441",493,"North Dakota State",853,2012
"442",494,"North Dakota",99005,2012
"443",501,"Northern Arizona",825,2012
"444",502,"Northern Colorado",825,2012
"445",504,"Northern Iowa",853,2012
"446",508,"Northwestern State",914,2012
"447",523,"Old Dominion",837,2012
"448",540,"Pennsylvania",865,2012
"449",550,"Portland State",825,2012
"450",553,"Prairie View",916,2012
"451",554,"Princeton",865,2012
"452",572,"Rhode Island",837,2012
"453",575,"Richmond",837,2012
"454",579,"Robert Morris",846,2012
"455",590,"Sacred Heart",846,2012
"456",600,"St. Francis (Pa.)",846,2012
"457",624,"Sam Houston State",914,2012
"458",625,"Samford",912,2012
"459",627,"San Diego",21451,2012
"460",632,"Savannah State",876,2012
"461",647,"South Carolina State",876,2012
"462",649,"South Dakota State",853,2012
"463",650,"South Dakota",99005,2012
"464",654,"Southeast Missouri State",902,2012
"465",655,"Southeastern Louisiana",914,2012
"466",659,"Southern Illinois",853,2012
"467",665,"Southern University",916,2012
"468",667,"Southern Utah",99005,2012
"469",669,"Missouri State",853,2012
"470",676,"Stephen F. Austin",914,2012
"471",683,"Stony Brook",826,2012
"472",691,"Tennessee State",902,2012
"473",692,"Tennessee Tech",902,2012
"474",693,"Chattanooga",912,2012
"475",695,"Tennessee-Martin",902,2012
"476",699,"Texas Southern",916,2012
"477",711,"Towson",837,2012
"478",735,"Valparaiso",21451,2012
"479",739,"Villanova",837,2012
"480",741,"Virginia Military",826,2012
"481",748,"Wagner",846,2012
"482",758,"Weber State",825,2012
"483",769,"Western Carolina",912,2012
"484",771,"Western Illinois",853,2012
"485",786,"William & Mary",837,2012
"486",813,"Yale",865,2012
"487",817,"Youngstown State",853,2012
"488",1004,"Central Arkansas",914,2012
"489",1068,"Elon",912,2012
"490",1092,"Gardner-Webb",826,2012
"491",1320,"Presbyterian",826,2012
"492",2678,"Ark.-Pine Bluff",916,2012
"493",2915,"Wofford",912,2012
"494",5,"Akron",875,2011
"495",8,"Alabama",911,2011
"496",9,"UAB",24312,2011
"497",28,"Arizona State",905,2011
"498",29,"Arizona",905,2011
"499",30,"Arkansas State",818,2011
"500",31,"Arkansas",911,2011
"501",37,"Auburn",911,2011
"502",47,"Ball State",875,2011
"503",51,"Baylor",25354,2011
"504",66,"Boise State",5486,2011
"505",67,"Boston College",821,2011
"506",71,"Bowling Green",875,2011
"507",77,"BYU",99001,2011
"508",86,"Buffalo",875,2011
"509",96,"Fresno State",923,2011
"510",107,"California",905,2011
"511",110,"UCLA",905,2011
"512",128,"UCF",24312,2011
"513",129,"Central Michigan",875,2011
"514",140,"Cincinnati",823,2011
"515",147,"Clemson",821,2011
"516",156,"Colorado State",5486,2011
"517",157,"Colorado",905,2011
"518",164,"Connecticut",823,2011
"519",193,"Duke",821,2011
"520",196,"East Carolina",24312,2011
"521",204,"Eastern Michigan",875,2011
"522",229,"Florida Atlantic",818,2011
"523",231,"Florida International",818,2011
"524",234,"Florida State",821,2011
"525",235,"Florida",911,2011
"526",255,"Georgia Tech",821,2011
"527",257,"Georgia",911,2011
"528",277,"Hawai'i",923,2011
"529",288,"Houston",24312,2011
"530",295,"Idaho",923,2011
"531",301,"Illinois",827,2011
"532",306,"Indiana",827,2011
"533",311,"Iowa State",25354,2011
"534",312,"Iowa",827,2011
"535",327,"Kansas State",25354,2011
"536",328,"Kansas",25354,2011
"537",331,"Kent State",875,2011
"538",334,"Kentucky",911,2011
"539",365,"LSU",911,2011
"540",366,"Louisiana Tech",923,2011
"541",367,"Louisville",823,2011
"542",388,"Marshall",24312,2011
"543",392,"Maryland",821,2011
"544",404,"Memphis",24312,2011
"545",414,"Miami (Ohio)",875,2011
"546",415,"Miami (Florida)",821,2011
"547",416,"Michigan State",827,2011
"548",418,"Michigan",827,2011
"549",419,"Middle Tennessee",818,2011
"550",428,"Minnesota",827,2011
"551",430,"Mississippi State",911,2011
"552",433,"Mississippi",911,2011
"553",434,"Missouri",25354,2011
"554",457,"North Carolina",821,2011
"555",463,"Nebraska",827,2011
"556",465,"UNLV",5486,2011
"557",466,"Nevada",923,2011
"558",472,"New Mexico State",923,2011
"559",473,"New Mexico",5486,2011
"560",490,"North Carolina State",821,2011
"561",497,"North Texas",818,2011
"562",498,"Louisiana-Monroe",818,2011
"563",503,"Northern Illinois",875,2011
"564",509,"Northwestern",827,2011
"565",513,"Notre Dame",99001,2011
"566",518,"Ohio State",827,2011
"567",519,"Ohio",875,2011
"568",521,"Oklahoma State",25354,2011
"569",522,"Oklahoma",25354,2011
"570",528,"Oregon State",905,2011
"571",529,"Oregon",905,2011
"572",539,"Penn State",827,2011
"573",545,"Pittsburgh",823,2011
"574",559,"Purdue",827,2011
"575",574,"Rice",24312,2011
"576",587,"Rutgers",823,2011
"577",626,"San Diego State",5486,2011
"578",630,"San Jose State",923,2011
"579",648,"South Carolina",911,2011
"580",651,"South Florida",823,2011
"581",657,"USC",905,2011
"582",663,"SMU",24312,2011
"583",664,"Southern Mississippi",24312,2011
"584",671,"Louisiana-Lafayette",818,2011
"585",674,"Stanford",905,2011
"586",688,"Syracuse",823,2011
"587",690,"Temple",875,2011
"588",694,"Tennessee",911,2011
"589",697,"Texas A&M",25354,2011
"590",698,"TCU",5486,2011
"591",700,"Texas Tech",25354,2011
"592",703,"Texas",25354,2011
"593",704,"UTEP",24312,2011
"594",709,"Toledo",875,2011
"595",716,"Troy",818,2011
"596",718,"Tulane",24312,2011
"597",719,"Tulsa",24312,2011
"598",721,"Air Force",5486,2011
"599",725,"Army",99001,2011
"600",726,"Navy",99001,2011
"601",731,"Utah State",923,2011
"602",732,"Utah",905,2011
"603",736,"Vanderbilt",911,2011
"604",742,"Virginia Tech",821,2011
"605",746,"Virginia",821,2011
"606",749,"Wake Forest",821,2011
"607",754,"Washington State",905,2011
"608",756,"Washington",905,2011
"609",768,"West Virginia",823,2011
"610",772,"Western Kentucky",818,2011
"611",774,"Western Michigan",875,2011
"612",796,"Wisconsin",827,2011
"613",811,"Wyoming",5486,2011
"614",6,"Alabama A&M",916,2011
"615",7,"Alabama St.",916,2011
"616",14,"Albany (N.Y.)",846,2011
"617",17,"Alcorn St.",916,2011
"618",27,"Appalachian State",912,2011
"619",43,"Austin Peay",902,2011
"620",48,"Charleston So.",826,2011
"621",61,"Bethune-Cookman",876,2011
"622",80,"Brown",865,2011
"623",81,"Bryant",846,2011
"624",83,"Bucknell",838,2011
"625",87,"Butler",21451,2011
"626",90,"Cal Poly",99005,2011
"627",102,"Sacramento State",825,2011
"628",108,"UC Davis",99005,2011
"629",115,"Campbell",21451,2011
"630",127,"Central Conn. St.",846,2011
"631",141,"Citadel",912,2011
"632",149,"Coastal Carolina",826,2011
"633",153,"Colgate",838,2011
"634",158,"Columbia",865,2011
"635",167,"Cornell",865,2011
"636",172,"Dartmouth",865,2011
"637",173,"Davidson",21451,2011
"638",175,"Dayton",21451,2011
"639",178,"Delaware State",876,2011
"640",180,"Delaware",837,2011
"641",189,"Drake",21451,2011
"642",194,"Duquesne",846,2011
"643",201,"Eastern Illinois",902,2011
"644",202,"Eastern Kentucky",902,2011
"645",207,"Eastern Washington",825,2011
"646",228,"Florida A&M",876,2011
"647",236,"Fordham",838,2011
"648",244,"Furman",912,2011
"649",251,"Georgetown",838,2011
"650",253,"Georgia Southern",912,2011
"651",254,"Georgia State",99005,2011
"652",261,"Grambling",916,2011
"653",270,"Hampton",876,2011
"654",275,"Harvard",865,2011
"655",285,"Holy Cross",838,2011
"656",290,"Howard",876,2011
"657",294,"Idaho State",825,2011
"658",299,"Illinois State",853,2011
"659",305,"Indiana State",853,2011
"660",314,"Jackson State",916,2011
"661",315,"Jacksonville State",902,2011
"662",316,"Jacksonville",21451,2011
"663",317,"James Madison",837,2011
"664",342,"Lafayette",838,2011
"665",346,"Lamar",914,2011
"666",352,"Lehigh",838,2011
"667",355,"Liberty",826,2011
"668",380,"Maine",837,2011
"669",386,"Marist",21451,2011
"670",400,"Massachusetts",837,2011
"671",402,"McNeese State",914,2011
"672",432,"Mississippi Valley State",916,2011
"673",439,"Monmouth",846,2011
"674",440,"Montana State",825,2011
"675",441,"Montana",825,2011
"676",444,"Morehead State",21451,2011
"677",446,"Morgan State",876,2011
"678",454,"Murray State",902,2011
"679",469,"New Hampshire",837,2011
"680",483,"Nicholls State",914,2011
"681",485,"Norfolk State",876,2011
"682",488,"North Carolina A&T",876,2011
"683",489,"N.C. Central",876,2011
"684",493,"North Dakota State",853,2011
"685",494,"North Dakota",99005,2011
"686",501,"Northern Arizona",825,2011
"687",502,"Northern Colorado",825,2011
"688",504,"Northern Iowa",853,2011
"689",508,"Northwestern State",914,2011
"690",523,"Old Dominion",837,2011
"691",540,"Pennsylvania",865,2011
"692",550,"Portland State",825,2011
"693",553,"Prairie View",916,2011
"694",554,"Princeton",865,2011
"695",572,"Rhode Island",837,2011
"696",575,"Richmond",837,2011
"697",579,"Robert Morris",846,2011
"698",590,"Sacred Heart",846,2011
"699",600,"St. Francis (Pa.)",846,2011
"700",624,"Sam Houston State",914,2011
"701",625,"Samford",912,2011
"702",627,"San Diego",21451,2011
"703",632,"Savannah State",876,2011
"704",646,"South Alabama",99005,2011
"705",647,"South Carolina State",876,2011
"706",649,"South Dakota State",853,2011
"707",650,"South Dakota",99005,2011
"708",654,"Southeast Missouri State",902,2011
"709",655,"Southeastern Louisiana",914,2011
"710",659,"Southern Illinois",853,2011
"711",665,"Southern University",916,2011
"712",667,"Southern Utah",99005,2011
"713",669,"Missouri State",853,2011
"714",670,"Texas State",99005,2011
"715",676,"Stephen F. Austin",914,2011
"716",683,"Stony Brook",826,2011
"717",691,"Tennessee State",902,2011
"718",692,"Tennessee Tech",902,2011
"719",693,"Chattanooga",912,2011
"720",695,"Tennessee-Martin",902,2011
"721",699,"Texas Southern",916,2011
"722",706,"UTSA",99005,2011
"723",711,"Towson",837,2011
"724",735,"Valparaiso",21451,2011
"725",739,"Villanova",837,2011
"726",741,"Virginia Military",826,2011
"727",748,"Wagner",846,2011
"728",758,"Weber State",825,2011
"729",769,"Western Carolina",912,2011
"730",771,"Western Illinois",853,2011
"731",786,"William & Mary",837,2011
"732",813,"Yale",865,2011
"733",817,"Youngstown State",853,2011
"734",1004,"Central Arkansas",914,2011
"735",1068,"Elon",912,2011
"736",1092,"Gardner-Webb",826,2011
"737",1320,"Presbyterian",826,2011
"738",2678,"Ark.-Pine Bluff",916,2011
"739",2915,"Wofford",912,2011
"740",5,"Akron",875,2010
"741",8,"Alabama",911,2010
"742",9,"UAB",24312,2010
"743",28,"Arizona State",905,2010
"744",29,"Arizona",905,2010
"745",30,"Arkansas State",818,2010
"746",31,"Arkansas",911,2010
"747",37,"Auburn",911,2010
"748",47,"Ball State",875,2010
"749",51,"Baylor",25354,2010
"750",66,"Boise State",923,2010
"751",67,"Boston College",821,2010
"752",71,"Bowling Green",875,2010
"753",77,"BYU",5486,2010
"754",86,"Buffalo",875,2010
"755",96,"Fresno State",923,2010
"756",107,"California",905,2010
"757",110,"UCLA",905,2010
"758",128,"UCF",24312,2010
"759",129,"Central Michigan",875,2010
"760",140,"Cincinnati",823,2010
"761",147,"Clemson",821,2010
"762",156,"Colorado State",5486,2010
"763",157,"Colorado",25354,2010
"764",164,"Connecticut",823,2010
"765",193,"Duke",821,2010
"766",196,"East Carolina",24312,2010
"767",204,"Eastern Michigan",875,2010
"768",229,"Florida Atlantic",818,2010
"769",231,"Florida International",818,2010
"770",234,"Florida State",821,2010
"771",235,"Florida",911,2010
"772",255,"Georgia Tech",821,2010
"773",257,"Georgia",911,2010
"774",277,"Hawai'i",923,2010
"775",288,"Houston",24312,2010
"776",295,"Idaho",923,2010
"777",301,"Illinois",827,2010
"778",306,"Indiana",827,2010
"779",311,"Iowa State",25354,2010
"780",312,"Iowa",827,2010
"781",327,"Kansas State",25354,2010
"782",328,"Kansas",25354,2010
"783",331,"Kent State",875,2010
"784",334,"Kentucky",911,2010
"785",365,"LSU",911,2010
"786",366,"Louisiana Tech",923,2010
"787",367,"Louisville",823,2010
"788",388,"Marshall",24312,2010
"789",392,"Maryland",821,2010
"790",404,"Memphis",24312,2010
"791",414,"Miami (Ohio)",875,2010
"792",415,"Miami (Florida)",821,2010
"793",416,"Michigan State",827,2010
"794",418,"Michigan",827,2010
"795",419,"Middle Tennessee",818,2010
"796",428,"Minnesota",827,2010
"797",430,"Mississippi State",911,2010
"798",433,"Mississippi",911,2010
"799",434,"Missouri",25354,2010
"800",457,"North Carolina",821,2010
"801",463,"Nebraska",25354,2010
"802",465,"UNLV",5486,2010
"803",466,"Nevada",923,2010
"804",472,"New Mexico State",923,2010
"805",473,"New Mexico",5486,2010
"806",490,"North Carolina State",821,2010
"807",497,"North Texas",818,2010
"808",498,"Louisiana-Monroe",818,2010
"809",503,"Northern Illinois",875,2010
"810",509,"Northwestern",827,2010
"811",513,"Notre Dame",99001,2010
"812",518,"Ohio State",827,2010
"813",519,"Ohio",875,2010
"814",521,"Oklahoma State",25354,2010
"815",522,"Oklahoma",25354,2010
"816",528,"Oregon State",905,2010
"817",529,"Oregon",905,2010
"818",539,"Penn State",827,2010
"819",545,"Pittsburgh",823,2010
"820",559,"Purdue",827,2010
"821",574,"Rice",24312,2010
"822",587,"Rutgers",823,2010
"823",626,"San Diego State",5486,2010
"824",630,"San Jose State",923,2010
"825",648,"South Carolina",911,2010
"826",651,"South Florida",823,2010
"827",657,"USC",905,2010
"828",663,"SMU",24312,2010
"829",664,"Southern Mississippi",24312,2010
"830",671,"Louisiana-Lafayette",818,2010
"831",674,"Stanford",905,2010
"832",688,"Syracuse",823,2010
"833",690,"Temple",875,2010
"834",694,"Tennessee",911,2010
"835",697,"Texas A&M",25354,2010
"836",698,"TCU",5486,2010
"837",700,"Texas Tech",25354,2010
"838",703,"Texas",25354,2010
"839",704,"UTEP",24312,2010
"840",709,"Toledo",875,2010
"841",716,"Troy",818,2010
"842",718,"Tulane",24312,2010
"843",719,"Tulsa",24312,2010
"844",721,"Air Force",5486,2010
"845",725,"Army",99001,2010
"846",726,"Navy",99001,2010
"847",731,"Utah State",923,2010
"848",732,"Utah",5486,2010
"849",736,"Vanderbilt",911,2010
"850",742,"Virginia Tech",821,2010
"851",746,"Virginia",821,2010
"852",749,"Wake Forest",821,2010
"853",754,"Washington State",905,2010
"854",756,"Washington",905,2010
"855",768,"West Virginia",823,2010
"856",772,"Western Kentucky",818,2010
"857",774,"Western Michigan",875,2010
"858",796,"Wisconsin",827,2010
"859",811,"Wyoming",5486,2010
"860",6,"Alabama A&M",916,2010
"861",7,"Alabama St.",916,2010
"862",14,"Albany (N.Y.)",846,2010
"863",17,"Alcorn St.",916,2010
"864",27,"Appalachian State",912,2010
"865",43,"Austin Peay",902,2010
"866",48,"Charleston So.",826,2010
"867",61,"Bethune-Cookman",876,2010
"868",80,"Brown",865,2010
"869",81,"Bryant",846,2010
"870",83,"Bucknell",838,2010
"871",87,"Butler",21451,2010
"872",90,"Cal Poly",99005,2010
"873",102,"Sacramento State",825,2010
"874",108,"UC Davis",99005,2010
"875",115,"Campbell",21451,2010
"876",127,"Central Conn. St.",846,2010
"877",141,"Citadel",912,2010
"878",149,"Coastal Carolina",826,2010
"879",153,"Colgate",838,2010
"880",158,"Columbia",865,2010
"881",167,"Cornell",865,2010
"882",172,"Dartmouth",865,2010
"883",173,"Davidson",21451,2010
"884",175,"Dayton",21451,2010
"885",178,"Delaware State",876,2010
"886",180,"Delaware",837,2010
"887",189,"Drake",21451,2010
"888",194,"Duquesne",846,2010
"889",201,"Eastern Illinois",902,2010
"890",202,"Eastern Kentucky",902,2010
"891",207,"Eastern Washington",825,2010
"892",228,"Florida A&M",876,2010
"893",236,"Fordham",838,2010
"894",244,"Furman",912,2010
"895",251,"Georgetown",838,2010
"896",253,"Georgia Southern",912,2010
"897",254,"Georgia State",99005,2010
"898",261,"Grambling",916,2010
"899",270,"Hampton",876,2010
"900",275,"Harvard",865,2010
"901",285,"Holy Cross",838,2010
"902",290,"Howard",876,2010
"903",294,"Idaho State",825,2010
"904",299,"Illinois State",853,2010
"905",305,"Indiana State",853,2010
"906",314,"Jackson State",916,2010
"907",315,"Jacksonville State",902,2010
"908",316,"Jacksonville",21451,2010
"909",317,"James Madison",837,2010
"910",342,"Lafayette",838,2010
"911",346,"Lamar",99005,2010
"912",352,"Lehigh",838,2010
"913",355,"Liberty",826,2010
"914",380,"Maine",837,2010
"915",386,"Marist",21451,2010
"916",400,"Massachusetts",837,2010
"917",402,"McNeese State",914,2010
"918",432,"Mississippi Valley State",916,2010
"919",439,"Monmouth",846,2010
"920",440,"Montana State",825,2010
"921",441,"Montana",825,2010
"922",444,"Morehead State",21451,2010
"923",446,"Morgan State",876,2010
"924",454,"Murray State",902,2010
"925",469,"New Hampshire",837,2010
"926",483,"Nicholls State",914,2010
"927",485,"Norfolk State",876,2010
"928",488,"North Carolina A&T",876,2010
"929",489,"N.C. Central",99005,2010
"930",493,"North Dakota State",853,2010
"931",494,"North Dakota",99005,2010
"932",501,"Northern Arizona",825,2010
"933",502,"Northern Colorado",825,2010
"934",504,"Northern Iowa",853,2010
"935",508,"Northwestern State",914,2010
"936",523,"Old Dominion",99005,2010
"937",540,"Pennsylvania",865,2010
"938",550,"Portland State",825,2010
"939",553,"Prairie View",916,2010
"940",554,"Princeton",865,2010
"941",572,"Rhode Island",837,2010
"942",575,"Richmond",837,2010
"943",579,"Robert Morris",846,2010
"944",590,"Sacred Heart",846,2010
"945",600,"St. Francis (Pa.)",846,2010
"946",624,"Sam Houston State",914,2010
"947",625,"Samford",912,2010
"948",627,"San Diego",21451,2010
"949",632,"Savannah State",99005,2010
"950",646,"South Alabama",99005,2010
"951",647,"South Carolina State",876,2010
"952",649,"South Dakota State",853,2010
"953",650,"South Dakota",99005,2010
"954",654,"Southeast Missouri State",902,2010
"955",655,"Southeastern Louisiana",914,2010
"956",659,"Southern Illinois",853,2010
"957",665,"Southern University",916,2010
"958",667,"Southern Utah",99005,2010
"959",669,"Missouri State",853,2010
"960",670,"Texas State",914,2010
"961",676,"Stephen F. Austin",914,2010
"962",683,"Stony Brook",826,2010
"963",691,"Tennessee State",902,2010
"964",692,"Tennessee Tech",902,2010
"965",693,"Chattanooga",912,2010
"966",695,"Tennessee-Martin",902,2010
"967",699,"Texas Southern",916,2010
"968",711,"Towson",837,2010
"969",735,"Valparaiso",21451,2010
"970",739,"Villanova",837,2010
"971",741,"Virginia Military",826,2010
"972",748,"Wagner",846,2010
"973",758,"Weber State",825,2010
"974",769,"Western Carolina",912,2010
"975",771,"Western Illinois",853,2010
"976",786,"William & Mary",837,2010
"977",813,"Yale",865,2010
"978",817,"Youngstown State",853,2010
"979",1004,"Central Arkansas",914,2010
"980",1068,"Elon",912,2010
"981",1092,"Gardner-Webb",826,2010
"982",1320,"Presbyterian",826,2010
"983",2678,"Ark.-Pine Bluff",916,2010
"984",2915,"Wofford",912,2010
"985",5,"Akron",875,2009
"986",8,"Alabama",911,2009
"987",9,"UAB",24312,2009
"988",28,"Arizona State",905,2009
"989",29,"Arizona",905,2009
"990",30,"Arkansas State",818,2009
"991",31,"Arkansas",911,2009
"992",37,"Auburn",911,2009
"993",47,"Ball State",875,2009
"994",51,"Baylor",25354,2009
"995",66,"Boise State",923,2009
"996",67,"Boston College",821,2009
"997",71,"Bowling Green",875,2009
"998",77,"BYU",5486,2009
"999",86,"Buffalo",875,2009
"1000",96,"Fresno State",923,2009
"1001",107,"California",905,2009
"1002",110,"UCLA",905,2009
"1003",128,"UCF",24312,2009
"1004",129,"Central Michigan",875,2009
"1005",140,"Cincinnati",823,2009
"1006",147,"Clemson",821,2009
"1007",156,"Colorado State",5486,2009
"1008",157,"Colorado",25354,2009
"1009",164,"Connecticut",823,2009
"1010",193,"Duke",821,2009
"1011",196,"East Carolina",24312,2009
"1012",204,"Eastern Michigan",875,2009
"1013",229,"Florida Atlantic",818,2009
"1014",231,"Florida International",818,2009
"1015",234,"Florida State",821,2009
"1016",235,"Florida",911,2009
"1017",255,"Georgia Tech",821,2009
"1018",257,"Georgia",911,2009
"1019",277,"Hawai'i",923,2009
"1020",288,"Houston",24312,2009
"1021",295,"Idaho",923,2009
"1022",301,"Illinois",827,2009
"1023",306,"Indiana",827,2009
"1024",311,"Iowa State",25354,2009
"1025",312,"Iowa",827,2009
"1026",327,"Kansas State",25354,2009
"1027",328,"Kansas",25354,2009
"1028",331,"Kent State",875,2009
"1029",334,"Kentucky",911,2009
"1030",365,"LSU",911,2009
"1031",366,"Louisiana Tech",923,2009
"1032",367,"Louisville",823,2009
"1033",388,"Marshall",24312,2009
"1034",392,"Maryland",821,2009
"1035",404,"Memphis",24312,2009
"1036",414,"Miami (Ohio)",875,2009
"1037",415,"Miami (Florida)",821,2009
"1038",416,"Michigan State",827,2009
"1039",418,"Michigan",827,2009
"1040",419,"Middle Tennessee",818,2009
"1041",428,"Minnesota",827,2009
"1042",430,"Mississippi State",911,2009
"1043",433,"Mississippi",911,2009
"1044",434,"Missouri",25354,2009
"1045",457,"North Carolina",821,2009
"1046",463,"Nebraska",25354,2009
"1047",465,"UNLV",5486,2009
"1048",466,"Nevada",923,2009
"1049",472,"New Mexico State",923,2009
"1050",473,"New Mexico",5486,2009
"1051",490,"North Carolina State",821,2009
"1052",497,"North Texas",818,2009
"1053",498,"Louisiana-Monroe",818,2009
"1054",503,"Northern Illinois",875,2009
"1055",509,"Northwestern",827,2009
"1056",513,"Notre Dame",99001,2009
"1057",518,"Ohio State",827,2009
"1058",519,"Ohio",875,2009
"1059",521,"Oklahoma State",25354,2009
"1060",522,"Oklahoma",25354,2009
"1061",528,"Oregon State",905,2009
"1062",529,"Oregon",905,2009
"1063",539,"Penn State",827,2009
"1064",545,"Pittsburgh",823,2009
"1065",559,"Purdue",827,2009
"1066",574,"Rice",24312,2009
"1067",587,"Rutgers",823,2009
"1068",626,"San Diego State",5486,2009
"1069",630,"San Jose State",923,2009
"1070",648,"South Carolina",911,2009
"1071",651,"South Florida",823,2009
"1072",657,"USC",905,2009
"1073",663,"SMU",24312,2009
"1074",664,"Southern Mississippi",24312,2009
"1075",671,"Louisiana-Lafayette",818,2009
"1076",674,"Stanford",905,2009
"1077",688,"Syracuse",823,2009
"1078",690,"Temple",875,2009
"1079",694,"Tennessee",911,2009
"1080",697,"Texas A&M",25354,2009
"1081",698,"TCU",5486,2009
"1082",700,"Texas Tech",25354,2009
"1083",703,"Texas",25354,2009
"1084",704,"UTEP",24312,2009
"1085",709,"Toledo",875,2009
"1086",716,"Troy",818,2009
"1087",718,"Tulane",24312,2009
"1088",719,"Tulsa",24312,2009
"1089",721,"Air Force",5486,2009
"1090",725,"Army",99001,2009
"1091",726,"Navy",99001,2009
"1092",731,"Utah State",923,2009
"1093",732,"Utah",5486,2009
"1094",736,"Vanderbilt",911,2009
"1095",742,"Virginia Tech",821,2009
"1096",746,"Virginia",821,2009
"1097",749,"Wake Forest",821,2009
"1098",754,"Washington State",905,2009
"1099",756,"Washington",905,2009
"1100",768,"West Virginia",823,2009
"1101",772,"Western Kentucky",818,2009
"1102",774,"Western Michigan",875,2009
"1103",796,"Wisconsin",827,2009
"1104",811,"Wyoming",5486,2009
"1105",6,"Alabama A&M",916,2009
"1106",7,"Alabama St.",916,2009
"1107",14,"Albany (N.Y.)",846,2009
"1108",17,"Alcorn St.",916,2009
"1109",27,"Appalachian State",912,2009
"1110",43,"Austin Peay",902,2009
"1111",48,"Charleston So.",826,2009
"1112",61,"Bethune-Cookman",876,2009
"1113",80,"Brown",865,2009
"1114",81,"Bryant",99005,2009
"1115",83,"Bucknell",838,2009
"1116",87,"Butler",21451,2009
"1117",90,"Cal Poly",99005,2009
"1118",102,"Sacramento State",825,2009
"1119",108,"UC Davis",99005,2009
"1120",115,"Campbell",21451,2009
"1121",127,"Central Conn. St.",846,2009
"1122",141,"Citadel",912,2009
"1123",149,"Coastal Carolina",826,2009
"1124",153,"Colgate",838,2009
"1125",158,"Columbia",865,2009
"1126",167,"Cornell",865,2009
"1127",172,"Dartmouth",865,2009
"1128",173,"Davidson",21451,2009
"1129",175,"Dayton",21451,2009
"1130",178,"Delaware State",876,2009
"1131",180,"Delaware",837,2009
"1132",189,"Drake",21451,2009
"1133",194,"Duquesne",846,2009
"1134",201,"Eastern Illinois",902,2009
"1135",202,"Eastern Kentucky",902,2009
"1136",207,"Eastern Washington",825,2009
"1137",228,"Florida A&M",876,2009
"1138",236,"Fordham",838,2009
"1139",244,"Furman",912,2009
"1140",251,"Georgetown",838,2009
"1141",253,"Georgia Southern",912,2009
"1142",261,"Grambling",916,2009
"1143",270,"Hampton",876,2009
"1144",275,"Harvard",865,2009
"1145",283,"Hofstra",837,2009
"1146",285,"Holy Cross",838,2009
"1147",290,"Howard",876,2009
"1148",294,"Idaho State",825,2009
"1149",299,"Illinois State",853,2009
"1150",305,"Indiana State",853,2009
"1151",314,"Jackson State",916,2009
"1152",315,"Jacksonville State",902,2009
"1153",316,"Jacksonville",21451,2009
"1154",317,"James Madison",837,2009
"1155",342,"Lafayette",838,2009
"1156",352,"Lehigh",838,2009
"1157",355,"Liberty",826,2009
"1158",380,"Maine",837,2009
"1159",386,"Marist",21451,2009
"1160",400,"Massachusetts",837,2009
"1161",402,"McNeese State",914,2009
"1162",432,"Mississippi Valley State",916,2009
"1163",439,"Monmouth",846,2009
"1164",440,"Montana State",825,2009
"1165",441,"Montana",825,2009
"1166",444,"Morehead State",21451,2009
"1167",446,"Morgan State",876,2009
"1168",454,"Murray State",902,2009
"1169",469,"New Hampshire",837,2009
"1170",483,"Nicholls State",914,2009
"1171",485,"Norfolk State",876,2009
"1172",488,"North Carolina A&T",876,2009
"1173",489,"N.C. Central",99005,2009
"1174",493,"North Dakota State",853,2009
"1175",494,"North Dakota",99005,2009
"1176",500,"Northeastern",837,2009
"1177",501,"Northern Arizona",825,2009
"1178",502,"Northern Colorado",825,2009
"1179",504,"Northern Iowa",853,2009
"1180",508,"Northwestern State",914,2009
"1181",523,"Old Dominion",99005,2009
"1182",540,"Pennsylvania",865,2009
"1183",550,"Portland State",825,2009
"1184",553,"Prairie View",916,2009
"1185",554,"Princeton",865,2009
"1186",572,"Rhode Island",837,2009
"1187",575,"Richmond",837,2009
"1188",579,"Robert Morris",846,2009
"1189",590,"Sacred Heart",846,2009
"1190",600,"St. Francis (Pa.)",846,2009
"1191",624,"Sam Houston State",914,2009
"1192",625,"Samford",912,2009
"1193",627,"San Diego",21451,2009
"1194",632,"Savannah State",99005,2009
"1195",647,"South Carolina State",876,2009
"1196",649,"South Dakota State",853,2009
"1197",650,"South Dakota",99005,2009
"1198",654,"Southeast Missouri State",902,2009
"1199",655,"Southeastern Louisiana",914,2009
"1200",659,"Southern Illinois",853,2009
"1201",665,"Southern University",916,2009
"1202",667,"Southern Utah",99005,2009
"1203",669,"Missouri State",853,2009
"1204",670,"Texas State",914,2009
"1205",676,"Stephen F. Austin",914,2009
"1206",683,"Stony Brook",826,2009
"1207",691,"Tennessee State",902,2009
"1208",692,"Tennessee Tech",902,2009
"1209",693,"Chattanooga",912,2009
"1210",695,"Tennessee-Martin",902,2009
"1211",699,"Texas Southern",916,2009
"1212",711,"Towson",837,2009
"1213",735,"Valparaiso",21451,2009
"1214",739,"Villanova",837,2009
"1215",741,"Virginia Military",826,2009
"1216",748,"Wagner",846,2009
"1217",758,"Weber State",825,2009
"1218",769,"Western Carolina",912,2009
"1219",771,"Western Illinois",853,2009
"1220",786,"William & Mary",837,2009
"1221",791,"Winston-Salem",99005,2009
"1222",813,"Yale",865,2009
"1223",817,"Youngstown State",853,2009
"1224",1004,"Central Arkansas",99005,2009
"1225",1068,"Elon",912,2009
"1226",1092,"Gardner-Webb",826,2009
"1227",1320,"Presbyterian",99005,2009
"1228",2678,"Ark.-Pine Bluff",916,2009
"1229",2915,"Wofford",912,2009
"1230",5,"Akron",875,2008
"1231",8,"Alabama",911,2008
"1232",9,"UAB",24312,2008
"1233",28,"Arizona State",905,2008
"1234",29,"Arizona",905,2008
"1235",30,"Arkansas State",818,2008
"1236",31,"Arkansas",911,2008
"1237",37,"Auburn",911,2008
"1238",47,"Ball State",875,2008
"1239",51,"Baylor",25354,2008
"1240",66,"Boise State",923,2008
"1241",67,"Boston College",821,2008
"1242",71,"Bowling Green",875,2008
"1243",77,"BYU",5486,2008
"1244",86,"Buffalo",875,2008
"1245",96,"Fresno State",923,2008
"1246",107,"California",905,2008
"1247",110,"UCLA",905,2008
"1248",128,"UCF",24312,2008
"1249",129,"Central Michigan",875,2008
"1250",140,"Cincinnati",823,2008
"1251",147,"Clemson",821,2008
"1252",156,"Colorado State",5486,2008
"1253",157,"Colorado",25354,2008
"1254",164,"Connecticut",823,2008
"1255",193,"Duke",821,2008
"1256",196,"East Carolina",24312,2008
"1257",204,"Eastern Michigan",875,2008
"1258",229,"Florida Atlantic",818,2008
"1259",231,"Florida International",818,2008
"1260",234,"Florida State",821,2008
"1261",235,"Florida",911,2008
"1262",255,"Georgia Tech",821,2008
"1263",257,"Georgia",911,2008
"1264",277,"Hawai'i",923,2008
"1265",288,"Houston",24312,2008
"1266",295,"Idaho",923,2008
"1267",301,"Illinois",827,2008
"1268",306,"Indiana",827,2008
"1269",311,"Iowa State",25354,2008
"1270",312,"Iowa",827,2008
"1271",327,"Kansas State",25354,2008
"1272",328,"Kansas",25354,2008
"1273",331,"Kent State",875,2008
"1274",334,"Kentucky",911,2008
"1275",365,"LSU",911,2008
"1276",366,"Louisiana Tech",923,2008
"1277",367,"Louisville",823,2008
"1278",388,"Marshall",24312,2008
"1279",392,"Maryland",821,2008
"1280",404,"Memphis",24312,2008
"1281",414,"Miami (Ohio)",875,2008
"1282",415,"Miami (Florida)",821,2008
"1283",416,"Michigan State",827,2008
"1284",418,"Michigan",827,2008
"1285",419,"Middle Tennessee",818,2008
"1286",428,"Minnesota",827,2008
"1287",430,"Mississippi State",911,2008
"1288",433,"Mississippi",911,2008
"1289",434,"Missouri",25354,2008
"1290",457,"North Carolina",821,2008
"1291",463,"Nebraska",25354,2008
"1292",465,"UNLV",5486,2008
"1293",466,"Nevada",923,2008
"1294",472,"New Mexico State",923,2008
"1295",473,"New Mexico",5486,2008
"1296",490,"North Carolina State",821,2008
"1297",497,"North Texas",818,2008
"1298",498,"Louisiana-Monroe",818,2008
"1299",503,"Northern Illinois",875,2008
"1300",509,"Northwestern",827,2008
"1301",513,"Notre Dame",99001,2008
"1302",518,"Ohio State",827,2008
"1303",519,"Ohio",875,2008
"1304",521,"Oklahoma State",25354,2008
"1305",522,"Oklahoma",25354,2008
"1306",528,"Oregon State",905,2008
"1307",529,"Oregon",905,2008
"1308",539,"Penn State",827,2008
"1309",545,"Pittsburgh",823,2008
"1310",559,"Purdue",827,2008
"1311",574,"Rice",24312,2008
"1312",587,"Rutgers",823,2008
"1313",626,"San Diego State",5486,2008
"1314",630,"San Jose State",923,2008
"1315",648,"South Carolina",911,2008
"1316",651,"South Florida",823,2008
"1317",657,"USC",905,2008
"1318",663,"SMU",24312,2008
"1319",664,"Southern Mississippi",24312,2008
"1320",671,"Louisiana-Lafayette",818,2008
"1321",674,"Stanford",905,2008
"1322",688,"Syracuse",823,2008
"1323",690,"Temple",875,2008
"1324",694,"Tennessee",911,2008
"1325",697,"Texas A&M",25354,2008
"1326",698,"TCU",5486,2008
"1327",700,"Texas Tech",25354,2008
"1328",703,"Texas",25354,2008
"1329",704,"UTEP",24312,2008
"1330",709,"Toledo",875,2008
"1331",716,"Troy",818,2008
"1332",718,"Tulane",24312,2008
"1333",719,"Tulsa",24312,2008
"1334",721,"Air Force",5486,2008
"1335",725,"Army",99001,2008
"1336",726,"Navy",99001,2008
"1337",731,"Utah State",923,2008
"1338",732,"Utah",5486,2008
"1339",736,"Vanderbilt",911,2008
"1340",742,"Virginia Tech",821,2008
"1341",746,"Virginia",821,2008
"1342",749,"Wake Forest",821,2008
"1343",754,"Washington State",905,2008
"1344",756,"Washington",905,2008
"1345",768,"West Virginia",823,2008
"1346",772,"Western Kentucky",99001,2008
"1347",774,"Western Michigan",875,2008
"1348",796,"Wisconsin",827,2008
"1349",811,"Wyoming",5486,2008
"1350",6,"Alabama A&M",916,2008
"1351",7,"Alabama St.",916,2008
"1352",14,"Albany (N.Y.)",846,2008
"1353",17,"Alcorn St.",916,2008
"1354",27,"Appalachian State",912,2008
"1355",43,"Austin Peay",902,2008
"1356",48,"Charleston So.",826,2008
"1357",61,"Bethune-Cookman",876,2008
"1358",80,"Brown",865,2008
"1359",83,"Bucknell",838,2008
"1360",87,"Butler",21451,2008
"1361",90,"Cal Poly",99005,2008
"1362",102,"Sacramento State",825,2008
"1363",108,"UC Davis",99005,2008
"1364",127,"Central Conn. St.",846,2008
"1365",141,"Citadel",912,2008
"1366",149,"Coastal Carolina",826,2008
"1367",153,"Colgate",838,2008
"1368",158,"Columbia",865,2008
"1369",167,"Cornell",865,2008
"1370",172,"Dartmouth",865,2008
"1371",173,"Davidson",21451,2008
"1372",175,"Dayton",21451,2008
"1373",178,"Delaware State",876,2008
"1374",180,"Delaware",837,2008
"1375",189,"Drake",21451,2008
"1376",194,"Duquesne",871,2008
"1377",201,"Eastern Illinois",902,2008
"1378",202,"Eastern Kentucky",902,2008
"1379",207,"Eastern Washington",825,2008
"1380",228,"Florida A&M",876,2008
"1381",236,"Fordham",838,2008
"1382",244,"Furman",912,2008
"1383",251,"Georgetown",838,2008
"1384",253,"Georgia Southern",912,2008
"1385",261,"Grambling",916,2008
"1386",270,"Hampton",876,2008
"1387",275,"Harvard",865,2008
"1388",283,"Hofstra",837,2008
"1389",285,"Holy Cross",838,2008
"1390",290,"Howard",876,2008
"1391",294,"Idaho State",825,2008
"1392",299,"Illinois State",853,2008
"1393",305,"Indiana State",853,2008
"1394",310,"Iona",871,2008
"1395",314,"Jackson State",916,2008
"1396",315,"Jacksonville State",902,2008
"1397",316,"Jacksonville",21451,2008
"1398",317,"James Madison",837,2008
"1399",340,"La Salle",871,2008
"1400",342,"Lafayette",838,2008
"1401",352,"Lehigh",838,2008
"1402",355,"Liberty",826,2008
"1403",380,"Maine",837,2008
"1404",386,"Marist",871,2008
"1405",400,"Massachusetts",837,2008
"1406",402,"McNeese State",914,2008
"1407",432,"Mississippi Valley State",916,2008
"1408",439,"Monmouth",846,2008
"1409",440,"Montana State",825,2008
"1410",441,"Montana",825,2008
"1411",444,"Morehead State",21451,2008
"1412",446,"Morgan State",876,2008
"1413",454,"Murray State",902,2008
"1414",469,"New Hampshire",837,2008
"1415",483,"Nicholls State",914,2008
"1416",485,"Norfolk State",876,2008
"1417",488,"North Carolina A&T",876,2008
"1418",489,"N.C. Central",99005,2008
"1419",493,"North Dakota State",99005,2008
"1420",500,"Northeastern",837,2008
"1421",501,"Northern Arizona",825,2008
"1422",502,"Northern Colorado",825,2008
"1423",504,"Northern Iowa",853,2008
"1424",508,"Northwestern State",914,2008
"1425",540,"Pennsylvania",865,2008
"1426",550,"Portland State",825,2008
"1427",553,"Prairie View",916,2008
"1428",554,"Princeton",865,2008
"1429",572,"Rhode Island",837,2008
"1430",575,"Richmond",837,2008
"1431",579,"Robert Morris",846,2008
"1432",590,"Sacred Heart",846,2008
"1433",600,"St. Francis (Pa.)",846,2008
"1434",624,"Sam Houston State",914,2008
"1435",625,"Samford",902,2008
"1436",627,"San Diego",21451,2008
"1437",632,"Savannah State",99005,2008
"1438",647,"South Carolina State",876,2008
"1439",649,"South Dakota State",99005,2008
"1440",654,"Southeast Missouri State",902,2008
"1441",655,"Southeastern Louisiana",914,2008
"1442",659,"Southern Illinois",853,2008
"1443",665,"Southern University",916,2008
"1444",667,"Southern Utah",99005,2008
"1445",669,"Missouri State",853,2008
"1446",670,"Texas State",914,2008
"1447",676,"Stephen F. Austin",914,2008
"1448",683,"Stony Brook",99005,2008
"1449",691,"Tennessee State",902,2008
"1450",692,"Tennessee Tech",902,2008
"1451",693,"Chattanooga",912,2008
"1452",695,"Tennessee-Martin",902,2008
"1453",699,"Texas Southern",916,2008
"1454",711,"Towson",837,2008
"1455",735,"Valparaiso",21451,2008
"1456",739,"Villanova",837,2008
"1457",741,"Virginia Military",826,2008
"1458",748,"Wagner",846,2008
"1459",758,"Weber State",825,2008
"1460",769,"Western Carolina",912,2008
"1461",771,"Western Illinois",853,2008
"1462",786,"William & Mary",837,2008
"1463",791,"Winston-Salem",99005,2008
"1464",813,"Yale",865,2008
"1465",817,"Youngstown State",853,2008
"1466",1004,"Central Arkansas",99005,2008
"1467",1068,"Elon",912,2008
"1468",1092,"Gardner-Webb",826,2008
"1469",1320,"Presbyterian",99005,2008
"1470",2678,"Ark.-Pine Bluff",916,2008
"1471",2915,"Wofford",912,2008
"1472",5,"Akron",875,2007
"1473",8,"Alabama",911,2007
"1474",9,"UAB",24312,2007
"1475",28,"Arizona State",905,2007
"1476",29,"Arizona",905,2007
"1477",30,"Arkansas State",818,2007
"1478",31,"Arkansas",911,2007
"1479",37,"Auburn",911,2007
"1480",47,"Ball State",875,2007
"1481",51,"Baylor",25354,2007
"1482",66,"Boise State",923,2007
"1483",67,"Boston College",821,2007
"1484",71,"Bowling Green",875,2007
"1485",77,"BYU",5486,2007
"1486",86,"Buffalo",875,2007
"1487",96,"Fresno State",923,2007
"1488",107,"California",905,2007
"1489",110,"UCLA",905,2007
"1490",128,"UCF",24312,2007
"1491",129,"Central Michigan",875,2007
"1492",140,"Cincinnati",823,2007
"1493",147,"Clemson",821,2007
"1494",156,"Colorado State",5486,2007
"1495",157,"Colorado",25354,2007
"1496",164,"Connecticut",823,2007
"1497",193,"Duke",821,2007
"1498",196,"East Carolina",24312,2007
"1499",204,"Eastern Michigan",875,2007
"1500",229,"Florida Atlantic",818,2007
"1501",231,"Florida International",818,2007
"1502",234,"Florida State",821,2007
"1503",235,"Florida",911,2007
"1504",255,"Georgia Tech",821,2007
"1505",257,"Georgia",911,2007
"1506",277,"Hawai'i",923,2007
"1507",288,"Houston",24312,2007
"1508",295,"Idaho",923,2007
"1509",301,"Illinois",827,2007
"1510",306,"Indiana",827,2007
"1511",311,"Iowa State",25354,2007
"1512",312,"Iowa",827,2007
"1513",327,"Kansas State",25354,2007
"1514",328,"Kansas",25354,2007
"1515",331,"Kent State",875,2007
"1516",334,"Kentucky",911,2007
"1517",365,"LSU",911,2007
"1518",366,"Louisiana Tech",923,2007
"1519",367,"Louisville",823,2007
"1520",388,"Marshall",24312,2007
"1521",392,"Maryland",821,2007
"1522",404,"Memphis",24312,2007
"1523",414,"Miami (Ohio)",875,2007
"1524",415,"Miami (Florida)",821,2007
"1525",416,"Michigan State",827,2007
"1526",418,"Michigan",827,2007
"1527",419,"Middle Tennessee",818,2007
"1528",428,"Minnesota",827,2007
"1529",430,"Mississippi State",911,2007
"1530",433,"Mississippi",911,2007
"1531",434,"Missouri",25354,2007
"1532",457,"North Carolina",821,2007
"1533",463,"Nebraska",25354,2007
"1534",465,"UNLV",5486,2007
"1535",466,"Nevada",923,2007
"1536",472,"New Mexico State",923,2007
"1537",473,"New Mexico",5486,2007
"1538",490,"North Carolina State",821,2007
"1539",497,"North Texas",818,2007
"1540",498,"Louisiana-Monroe",818,2007
"1541",503,"Northern Illinois",875,2007
"1542",509,"Northwestern",827,2007
"1543",513,"Notre Dame",99001,2007
"1544",518,"Ohio State",827,2007
"1545",519,"Ohio",875,2007
"1546",521,"Oklahoma State",25354,2007
"1547",522,"Oklahoma",25354,2007
"1548",528,"Oregon State",905,2007
"1549",529,"Oregon",905,2007
"1550",539,"Penn State",827,2007
"1551",545,"Pittsburgh",823,2007
"1552",559,"Purdue",827,2007
"1553",574,"Rice",24312,2007
"1554",587,"Rutgers",823,2007
"1555",626,"San Diego State",5486,2007
"1556",630,"San Jose State",923,2007
"1557",648,"South Carolina",911,2007
"1558",651,"South Florida",823,2007
"1559",657,"USC",905,2007
"1560",663,"SMU",24312,2007
"1561",664,"Southern Mississippi",24312,2007
"1562",671,"Louisiana-Lafayette",818,2007
"1563",674,"Stanford",905,2007
"1564",688,"Syracuse",823,2007
"1565",690,"Temple",875,2007
"1566",694,"Tennessee",911,2007
"1567",697,"Texas A&M",25354,2007
"1568",698,"TCU",5486,2007
"1569",700,"Texas Tech",25354,2007
"1570",703,"Texas",25354,2007
"1571",704,"UTEP",24312,2007
"1572",709,"Toledo",875,2007
"1573",716,"Troy",818,2007
"1574",718,"Tulane",24312,2007
"1575",719,"Tulsa",24312,2007
"1576",721,"Air Force",5486,2007
"1577",725,"Army",99001,2007
"1578",726,"Navy",99001,2007
"1579",731,"Utah State",923,2007
"1580",732,"Utah",5486,2007
"1581",736,"Vanderbilt",911,2007
"1582",742,"Virginia Tech",821,2007
"1583",746,"Virginia",821,2007
"1584",749,"Wake Forest",821,2007
"1585",754,"Washington State",905,2007
"1586",756,"Washington",905,2007
"1587",768,"West Virginia",823,2007
"1588",774,"Western Michigan",875,2007
"1589",796,"Wisconsin",827,2007
"1590",811,"Wyoming",5486,2007
"1591",6,"Alabama A&M",916,2007
"1592",7,"Alabama St.",916,2007
"1593",14,"Albany (N.Y.)",846,2007
"1594",17,"Alcorn St.",916,2007
"1595",27,"Appalachian State",912,2007
"1596",43,"Austin Peay",902,2007
"1597",48,"Charleston So.",826,2007
"1598",61,"Bethune-Cookman",876,2007
"1599",80,"Brown",865,2007
"1600",83,"Bucknell",838,2007
"1601",87,"Butler",21451,2007
"1602",90,"Cal Poly",99005,2007
"1603",102,"Sacramento State",825,2007
"1604",108,"UC Davis",99005,2007
"1605",127,"Central Conn. St.",846,2007
"1606",141,"Citadel",912,2007
"1607",149,"Coastal Carolina",826,2007
"1608",153,"Colgate",838,2007
"1609",158,"Columbia",865,2007
"1610",167,"Cornell",865,2007
"1611",172,"Dartmouth",865,2007
"1612",173,"Davidson",21451,2007
"1613",175,"Dayton",21451,2007
"1614",178,"Delaware State",876,2007
"1615",180,"Delaware",837,2007
"1616",189,"Drake",21451,2007
"1617",194,"Duquesne",871,2007
"1618",201,"Eastern Illinois",902,2007
"1619",202,"Eastern Kentucky",902,2007
"1620",207,"Eastern Washington",825,2007
"1621",228,"Florida A&M",876,2007
"1622",236,"Fordham",838,2007
"1623",244,"Furman",912,2007
"1624",251,"Georgetown",838,2007
"1625",253,"Georgia Southern",912,2007
"1626",261,"Grambling",916,2007
"1627",270,"Hampton",876,2007
"1628",275,"Harvard",865,2007
"1629",283,"Hofstra",837,2007
"1630",285,"Holy Cross",838,2007
"1631",290,"Howard",876,2007
"1632",294,"Idaho State",825,2007
"1633",299,"Illinois State",853,2007
"1634",305,"Indiana State",853,2007
"1635",310,"Iona",871,2007
"1636",314,"Jackson State",916,2007
"1637",315,"Jacksonville State",902,2007
"1638",316,"Jacksonville",21451,2007
"1639",317,"James Madison",837,2007
"1640",340,"La Salle",871,2007
"1641",342,"Lafayette",838,2007
"1642",352,"Lehigh",838,2007
"1643",355,"Liberty",826,2007
"1644",380,"Maine",837,2007
"1645",386,"Marist",871,2007
"1646",400,"Massachusetts",837,2007
"1647",402,"McNeese State",914,2007
"1648",432,"Mississippi Valley State",916,2007
"1649",439,"Monmouth",846,2007
"1650",440,"Montana State",825,2007
"1651",441,"Montana",825,2007
"1652",444,"Morehead State",21451,2007
"1653",446,"Morgan State",876,2007
"1654",454,"Murray State",902,2007
"1655",469,"New Hampshire",837,2007
"1656",483,"Nicholls State",914,2007
"1657",485,"Norfolk State",876,2007
"1658",488,"North Carolina A&T",876,2007
"1659",489,"N.C. Central",99005,2007
"1660",493,"North Dakota State",99005,2007
"1661",500,"Northeastern",837,2007
"1662",501,"Northern Arizona",825,2007
"1663",502,"Northern Colorado",825,2007
"1664",504,"Northern Iowa",853,2007
"1665",508,"Northwestern State",914,2007
"1666",540,"Pennsylvania",865,2007
"1667",550,"Portland State",825,2007
"1668",553,"Prairie View",916,2007
"1669",554,"Princeton",865,2007
"1670",572,"Rhode Island",837,2007
"1671",575,"Richmond",837,2007
"1672",579,"Robert Morris",846,2007
"1673",590,"Sacred Heart",846,2007
"1674",600,"St. Francis (Pa.)",846,2007
"1675",624,"Sam Houston State",914,2007
"1676",625,"Samford",902,2007
"1677",627,"San Diego",21451,2007
"1678",632,"Savannah State",99005,2007
"1679",647,"South Carolina State",876,2007
"1680",649,"South Dakota State",99005,2007
"1681",654,"Southeast Missouri State",902,2007
"1682",655,"Southeastern Louisiana",914,2007
"1683",659,"Southern Illinois",853,2007
"1684",665,"Southern University",916,2007
"1685",667,"Southern Utah",99005,2007
"1686",669,"Missouri State",853,2007
"1687",670,"Texas State",914,2007
"1688",676,"Stephen F. Austin",914,2007
"1689",683,"Stony Brook",99005,2007
"1690",691,"Tennessee State",902,2007
"1691",692,"Tennessee Tech",902,2007
"1692",693,"Chattanooga",912,2007
"1693",695,"Tennessee-Martin",902,2007
"1694",699,"Texas Southern",916,2007
"1695",711,"Towson",837,2007
"1696",735,"Valparaiso",21451,2007
"1697",739,"Villanova",837,2007
"1698",741,"Virginia Military",826,2007
"1699",748,"Wagner",846,2007
"1700",758,"Weber State",825,2007
"1701",769,"Western Carolina",912,2007
"1702",771,"Western Illinois",853,2007
"1703",772,"Western Kentucky",853,2007
"1704",786,"William & Mary",837,2007
"1705",791,"Winston-Salem",99005,2007
"1706",813,"Yale",865,2007
"1707",817,"Youngstown State",853,2007
"1708",1004,"Central Arkansas",99005,2007
"1709",1068,"Elon",912,2007
"1710",1092,"Gardner-Webb",826,2007
"1711",1320,"Presbyterian",99005,2007
"1712",2678,"Ark.-Pine Bluff",916,2007
"1713",2915,"Wofford",912,2007
"1714",5,"Akron",875,2006
"1715",8,"Alabama",911,2006
"1716",9,"UAB",24312,2006
"1717",28,"Arizona State",905,2006
"1718",29,"Arizona",905,2006
"1719",30,"Arkansas State",818,2006
"1720",31,"Arkansas",911,2006
"1721",37,"Auburn",911,2006
"1722",47,"Ball State",875,2006
"1723",51,"Baylor",25354,2006
"1724",66,"Boise State",923,2006
"1725",67,"Boston College",821,2006
"1726",71,"Bowling Green",875,2006
"1727",77,"BYU",5486,2006
"1728",86,"Buffalo",875,2006
"1729",96,"Fresno State",923,2006
"1730",107,"California",905,2006
"1731",110,"UCLA",905,2006
"1732",128,"UCF",24312,2006
"1733",129,"Central Michigan",875,2006
"1734",140,"Cincinnati",823,2006
"1735",147,"Clemson",821,2006
"1736",156,"Colorado State",5486,2006
"1737",157,"Colorado",25354,2006
"1738",164,"Connecticut",823,2006
"1739",193,"Duke",821,2006
"1740",196,"East Carolina",24312,2006
"1741",204,"Eastern Michigan",875,2006
"1742",229,"Florida Atlantic",818,2006
"1743",231,"Florida International",818,2006
"1744",234,"Florida State",821,2006
"1745",235,"Florida",911,2006
"1746",255,"Georgia Tech",821,2006
"1747",257,"Georgia",911,2006
"1748",277,"Hawai'i",923,2006
"1749",288,"Houston",24312,2006
"1750",295,"Idaho",923,2006
"1751",301,"Illinois",827,2006
"1752",306,"Indiana",827,2006
"1753",311,"Iowa State",25354,2006
"1754",312,"Iowa",827,2006
"1755",327,"Kansas State",25354,2006
"1756",328,"Kansas",25354,2006
"1757",331,"Kent State",875,2006
"1758",334,"Kentucky",911,2006
"1759",365,"LSU",911,2006
"1760",366,"Louisiana Tech",923,2006
"1761",367,"Louisville",823,2006
"1762",388,"Marshall",24312,2006
"1763",392,"Maryland",821,2006
"1764",404,"Memphis",24312,2006
"1765",414,"Miami (Ohio)",875,2006
"1766",415,"Miami (Florida)",821,2006
"1767",416,"Michigan State",827,2006
"1768",418,"Michigan",827,2006
"1769",419,"Middle Tennessee",818,2006
"1770",428,"Minnesota",827,2006
"1771",430,"Mississippi State",911,2006
"1772",433,"Mississippi",911,2006
"1773",434,"Missouri",25354,2006
"1774",457,"North Carolina",821,2006
"1775",463,"Nebraska",25354,2006
"1776",465,"UNLV",5486,2006
"1777",466,"Nevada",923,2006
"1778",472,"New Mexico State",923,2006
"1779",473,"New Mexico",5486,2006
"1780",490,"North Carolina State",821,2006
"1781",497,"North Texas",818,2006
"1782",498,"Louisiana-Monroe",818,2006
"1783",503,"Northern Illinois",875,2006
"1784",509,"Northwestern",827,2006
"1785",513,"Notre Dame",99001,2006
"1786",518,"Ohio State",827,2006
"1787",519,"Ohio",875,2006
"1788",521,"Oklahoma State",25354,2006
"1789",522,"Oklahoma",25354,2006
"1790",528,"Oregon State",905,2006
"1791",529,"Oregon",905,2006
"1792",539,"Penn State",827,2006
"1793",545,"Pittsburgh",823,2006
"1794",559,"Purdue",827,2006
"1795",574,"Rice",24312,2006
"1796",587,"Rutgers",823,2006
"1797",626,"San Diego State",5486,2006
"1798",630,"San Jose State",923,2006
"1799",648,"South Carolina",911,2006
"1800",651,"South Florida",823,2006
"1801",657,"USC",905,2006
"1802",663,"SMU",24312,2006
"1803",664,"Southern Mississippi",24312,2006
"1804",671,"Louisiana-Lafayette",818,2006
"1805",674,"Stanford",905,2006
"1806",688,"Syracuse",823,2006
"1807",690,"Temple",99001,2006
"1808",694,"Tennessee",911,2006
"1809",697,"Texas A&M",25354,2006
"1810",698,"TCU",5486,2006
"1811",700,"Texas Tech",25354,2006
"1812",703,"Texas",25354,2006
"1813",704,"UTEP",24312,2006
"1814",709,"Toledo",875,2006
"1815",716,"Troy",818,2006
"1816",718,"Tulane",24312,2006
"1817",719,"Tulsa",24312,2006
"1818",721,"Air Force",5486,2006
"1819",725,"Army",99001,2006
"1820",726,"Navy",99001,2006
"1821",731,"Utah State",923,2006
"1822",732,"Utah",5486,2006
"1823",736,"Vanderbilt",911,2006
"1824",742,"Virginia Tech",821,2006
"1825",746,"Virginia",821,2006
"1826",749,"Wake Forest",821,2006
"1827",754,"Washington State",905,2006
"1828",756,"Washington",905,2006
"1829",768,"West Virginia",823,2006
"1830",774,"Western Michigan",875,2006
"1831",796,"Wisconsin",827,2006
"1832",811,"Wyoming",5486,2006
"1833",6,"Alabama A&M",916,2006
"1834",7,"Alabama St.",916,2006
"1835",14,"Albany (N.Y.)",846,2006
"1836",17,"Alcorn St.",916,2006
"1837",27,"Appalachian State",912,2006
"1838",43,"Austin Peay",99005,2006
"1839",48,"Charleston So.",826,2006
"1840",61,"Bethune-Cookman",876,2006
"1841",80,"Brown",865,2006
"1842",83,"Bucknell",838,2006
"1843",87,"Butler",21451,2006
"1844",90,"Cal Poly",99005,2006
"1845",102,"Sacramento State",825,2006
"1846",108,"UC Davis",99005,2006
"1847",127,"Central Conn. St.",846,2006
"1848",141,"Citadel",912,2006
"1849",149,"Coastal Carolina",826,2006
"1850",153,"Colgate",838,2006
"1851",158,"Columbia",865,2006
"1852",167,"Cornell",865,2006
"1853",172,"Dartmouth",865,2006
"1854",173,"Davidson",21451,2006
"1855",175,"Dayton",21451,2006
"1856",178,"Delaware State",876,2006
"1857",180,"Delaware",820,2006
"1858",189,"Drake",21451,2006
"1859",194,"Duquesne",871,2006
"1860",201,"Eastern Illinois",902,2006
"1861",202,"Eastern Kentucky",902,2006
"1862",207,"Eastern Washington",825,2006
"1863",228,"Florida A&M",876,2006
"1864",236,"Fordham",838,2006
"1865",244,"Furman",912,2006
"1866",251,"Georgetown",838,2006
"1867",253,"Georgia Southern",912,2006
"1868",261,"Grambling",916,2006
"1869",270,"Hampton",876,2006
"1870",275,"Harvard",865,2006
"1871",283,"Hofstra",820,2006
"1872",285,"Holy Cross",838,2006
"1873",290,"Howard",876,2006
"1874",294,"Idaho State",825,2006
"1875",299,"Illinois State",853,2006
"1876",305,"Indiana State",853,2006
"1877",310,"Iona",871,2006
"1878",314,"Jackson State",916,2006
"1879",315,"Jacksonville State",902,2006
"1880",316,"Jacksonville",21451,2006
"1881",317,"James Madison",820,2006
"1882",340,"La Salle",871,2006
"1883",342,"Lafayette",838,2006
"1884",352,"Lehigh",838,2006
"1885",355,"Liberty",826,2006
"1886",380,"Maine",820,2006
"1887",386,"Marist",871,2006
"1888",400,"Massachusetts",820,2006
"1889",402,"McNeese State",914,2006
"1890",432,"Mississippi Valley State",916,2006
"1891",439,"Monmouth",846,2006
"1892",440,"Montana State",825,2006
"1893",441,"Montana",825,2006
"1894",444,"Morehead State",21451,2006
"1895",446,"Morgan State",876,2006
"1896",454,"Murray State",902,2006
"1897",469,"New Hampshire",820,2006
"1898",483,"Nicholls State",914,2006
"1899",485,"Norfolk State",876,2006
"1900",488,"North Carolina A&T",876,2006
"1901",493,"North Dakota State",99005,2006
"1902",500,"Northeastern",820,2006
"1903",501,"Northern Arizona",825,2006
"1904",502,"Northern Colorado",99005,2006
"1905",504,"Northern Iowa",853,2006
"1906",508,"Northwestern State",914,2006
"1907",540,"Pennsylvania",865,2006
"1908",550,"Portland State",825,2006
"1909",553,"Prairie View",916,2006
"1910",554,"Princeton",865,2006
"1911",572,"Rhode Island",820,2006
"1912",575,"Richmond",820,2006
"1913",579,"Robert Morris",846,2006
"1914",590,"Sacred Heart",846,2006
"1915",600,"St. Francis (Pa.)",846,2006
"1916",617,"St. Peter's",871,2006
"1917",624,"Sam Houston State",914,2006
"1918",625,"Samford",902,2006
"1919",627,"San Diego",21451,2006
"1920",632,"Savannah State",99005,2006
"1921",647,"South Carolina State",876,2006
"1922",649,"South Dakota State",99005,2006
"1923",654,"Southeast Missouri State",902,2006
"1924",655,"Southeastern Louisiana",914,2006
"1925",659,"Southern Illinois",853,2006
"1926",665,"Southern University",916,2006
"1927",667,"Southern Utah",99005,2006
"1928",669,"Missouri State",853,2006
"1929",670,"Texas State",914,2006
"1930",676,"Stephen F. Austin",914,2006
"1931",683,"Stony Brook",846,2006
"1932",691,"Tennessee State",902,2006
"1933",692,"Tennessee Tech",902,2006
"1934",693,"Chattanooga",912,2006
"1935",695,"Tennessee-Martin",902,2006
"1936",699,"Texas Southern",916,2006
"1937",711,"Towson",820,2006
"1938",735,"Valparaiso",21451,2006
"1939",739,"Villanova",820,2006
"1940",741,"Virginia Military",826,2006
"1941",748,"Wagner",846,2006
"1942",758,"Weber State",825,2006
"1943",769,"Western Carolina",912,2006
"1944",771,"Western Illinois",853,2006
"1945",772,"Western Kentucky",853,2006
"1946",786,"William & Mary",820,2006
"1947",791,"Winston-Salem",99005,2006
"1948",813,"Yale",865,2006
"1949",817,"Youngstown State",853,2006
"1950",1004,"Central Arkansas",99005,2006
"1951",1068,"Elon",912,2006
"1952",1092,"Gardner-Webb",826,2006
"1953",2678,"Ark.-Pine Bluff",916,2006
"1954",2915,"Wofford",912,2006
"1955",5,"Akron",875,2005
"1956",8,"Alabama",911,2005
"1957",9,"UAB",24312,2005
"1958",28,"Arizona State",905,2005
"1959",29,"Arizona",905,2005
"1960",30,"Arkansas State",818,2005
"1961",31,"Arkansas",911,2005
"1962",37,"Auburn",911,2005
"1963",47,"Ball State",875,2005
"1964",51,"Baylor",25354,2005
"1965",66,"Boise State",923,2005
"1966",67,"Boston College",821,2005
"1967",71,"Bowling Green",875,2005
"1968",77,"BYU",5486,2005
"1969",86,"Buffalo",875,2005
"1970",96,"Fresno State",923,2005
"1971",107,"California",905,2005
"1972",110,"UCLA",905,2005
"1973",128,"UCF",24312,2005
"1974",129,"Central Michigan",875,2005
"1975",140,"Cincinnati",823,2005
"1976",147,"Clemson",821,2005
"1977",156,"Colorado State",5486,2005
"1978",157,"Colorado",25354,2005
"1979",164,"Connecticut",823,2005
"1980",193,"Duke",821,2005
"1981",196,"East Carolina",24312,2005
"1982",204,"Eastern Michigan",875,2005
"1983",229,"Florida Atlantic",818,2005
"1984",231,"Florida International",818,2005
"1985",234,"Florida State",821,2005
"1986",235,"Florida",911,2005
"1987",255,"Georgia Tech",821,2005
"1988",257,"Georgia",911,2005
"1989",277,"Hawai'i",923,2005
"1990",288,"Houston",24312,2005
"1991",295,"Idaho",923,2005
"1992",301,"Illinois",827,2005
"1993",306,"Indiana",827,2005
"1994",311,"Iowa State",25354,2005
"1995",312,"Iowa",827,2005
"1996",327,"Kansas State",25354,2005
"1997",328,"Kansas",25354,2005
"1998",331,"Kent State",875,2005
"1999",334,"Kentucky",911,2005
"2000",365,"LSU",911,2005
"2001",366,"Louisiana Tech",923,2005
"2002",367,"Louisville",823,2005
"2003",388,"Marshall",24312,2005
"2004",392,"Maryland",821,2005
"2005",404,"Memphis",24312,2005
"2006",414,"Miami (Ohio)",875,2005
"2007",415,"Miami (Florida)",821,2005
"2008",416,"Michigan State",827,2005
"2009",418,"Michigan",827,2005
"2010",419,"Middle Tennessee",818,2005
"2011",428,"Minnesota",827,2005
"2012",430,"Mississippi State",911,2005
"2013",433,"Mississippi",911,2005
"2014",434,"Missouri",25354,2005
"2015",457,"North Carolina",821,2005
"2016",463,"Nebraska",25354,2005
"2017",465,"UNLV",5486,2005
"2018",466,"Nevada",923,2005
"2019",472,"New Mexico State",923,2005
"2020",473,"New Mexico",5486,2005
"2021",490,"North Carolina State",821,2005
"2022",497,"North Texas",818,2005
"2023",498,"Louisiana-Monroe",818,2005
"2024",503,"Northern Illinois",875,2005
"2025",509,"Northwestern",827,2005
"2026",513,"Notre Dame",99001,2005
"2027",518,"Ohio State",827,2005
"2028",519,"Ohio",875,2005
"2029",521,"Oklahoma State",25354,2005
"2030",522,"Oklahoma",25354,2005
"2031",528,"Oregon State",905,2005
"2032",529,"Oregon",905,2005
"2033",539,"Penn State",827,2005
"2034",545,"Pittsburgh",823,2005
"2035",559,"Purdue",827,2005
"2036",574,"Rice",24312,2005
"2037",587,"Rutgers",823,2005
"2038",626,"San Diego State",5486,2005
"2039",630,"San Jose State",923,2005
"2040",648,"South Carolina",911,2005
"2041",651,"South Florida",823,2005
"2042",657,"USC",905,2005
"2043",663,"SMU",24312,2005
"2044",664,"Southern Mississippi",24312,2005
"2045",671,"Louisiana-Lafayette",818,2005
"2046",674,"Stanford",905,2005
"2047",688,"Syracuse",823,2005
"2048",690,"Temple",99001,2005
"2049",694,"Tennessee",911,2005
"2050",697,"Texas A&M",25354,2005
"2051",698,"TCU",5486,2005
"2052",700,"Texas Tech",25354,2005
"2053",703,"Texas",25354,2005
"2054",704,"UTEP",24312,2005
"2055",709,"Toledo",875,2005
"2056",716,"Troy",818,2005
"2057",718,"Tulane",24312,2005
"2058",719,"Tulsa",24312,2005
"2059",721,"Air Force",5486,2005
"2060",725,"Army",99001,2005
"2061",726,"Navy",99001,2005
"2062",731,"Utah State",923,2005
"2063",732,"Utah",5486,2005
"2064",736,"Vanderbilt",911,2005
"2065",742,"Virginia Tech",821,2005
"2066",746,"Virginia",821,2005
"2067",749,"Wake Forest",821,2005
"2068",754,"Washington State",905,2005
"2069",756,"Washington",905,2005
"2070",768,"West Virginia",823,2005
"2071",774,"Western Michigan",875,2005
"2072",796,"Wisconsin",827,2005
"2073",811,"Wyoming",5486,2005
"2074",6,"Alabama A&M",916,2005
"2075",7,"Alabama St.",916,2005
"2076",14,"Albany (N.Y.)",846,2005
"2077",17,"Alcorn St.",916,2005
"2078",27,"Appalachian State",912,2005
"2079",43,"Austin Peay",21451,2005
"2080",48,"Charleston So.",826,2005
"2081",61,"Bethune-Cookman",876,2005
"2082",80,"Brown",865,2005
"2083",83,"Bucknell",838,2005
"2084",87,"Butler",21451,2005
"2085",90,"Cal Poly",99005,2005
"2086",102,"Sacramento State",825,2005
"2087",108,"UC Davis",99005,2005
"2088",127,"Central Conn. St.",846,2005
"2089",141,"Citadel",912,2005
"2090",149,"Coastal Carolina",826,2005
"2091",153,"Colgate",838,2005
"2092",158,"Columbia",865,2005
"2093",167,"Cornell",865,2005
"2094",172,"Dartmouth",865,2005
"2095",173,"Davidson",21451,2005
"2096",175,"Dayton",21451,2005
"2097",178,"Delaware State",876,2005
"2098",180,"Delaware",820,2005
"2099",189,"Drake",21451,2005
"2100",194,"Duquesne",871,2005
"2101",201,"Eastern Illinois",902,2005
"2102",202,"Eastern Kentucky",902,2005
"2103",207,"Eastern Washington",825,2005
"2104",228,"Florida A&M",876,2005
"2105",236,"Fordham",838,2005
"2106",244,"Furman",912,2005
"2107",251,"Georgetown",838,2005
"2108",253,"Georgia Southern",912,2005
"2109",261,"Grambling",916,2005
"2110",270,"Hampton",876,2005
"2111",275,"Harvard",865,2005
"2112",283,"Hofstra",820,2005
"2113",285,"Holy Cross",838,2005
"2114",290,"Howard",876,2005
"2115",294,"Idaho State",825,2005
"2116",299,"Illinois State",853,2005
"2117",305,"Indiana State",853,2005
"2118",310,"Iona",871,2005
"2119",314,"Jackson State",916,2005
"2120",315,"Jacksonville State",902,2005
"2121",316,"Jacksonville",21451,2005
"2122",317,"James Madison",820,2005
"2123",340,"La Salle",871,2005
"2124",342,"Lafayette",838,2005
"2125",352,"Lehigh",838,2005
"2126",355,"Liberty",826,2005
"2127",380,"Maine",820,2005
"2128",386,"Marist",871,2005
"2129",400,"Massachusetts",820,2005
"2130",402,"McNeese State",914,2005
"2131",432,"Mississippi Valley State",916,2005
"2132",439,"Monmouth",846,2005
"2133",440,"Montana State",825,2005
"2134",441,"Montana",825,2005
"2135",444,"Morehead State",21451,2005
"2136",446,"Morgan State",876,2005
"2137",454,"Murray State",902,2005
"2138",469,"New Hampshire",820,2005
"2139",483,"Nicholls State",914,2005
"2140",485,"Norfolk State",876,2005
"2141",488,"North Carolina A&T",876,2005
"2142",493,"North Dakota State",99005,2005
"2143",500,"Northeastern",820,2005
"2144",501,"Northern Arizona",825,2005
"2145",502,"Northern Colorado",99005,2005
"2146",504,"Northern Iowa",853,2005
"2147",508,"Northwestern State",914,2005
"2148",540,"Pennsylvania",865,2005
"2149",550,"Portland State",825,2005
"2150",553,"Prairie View",916,2005
"2151",554,"Princeton",865,2005
"2152",572,"Rhode Island",820,2005
"2153",575,"Richmond",820,2005
"2154",579,"Robert Morris",846,2005
"2155",590,"Sacred Heart",846,2005
"2156",600,"St. Francis (Pa.)",846,2005
"2157",617,"St. Peter's",871,2005
"2158",624,"Sam Houston State",914,2005
"2159",625,"Samford",902,2005
"2160",627,"San Diego",21451,2005
"2161",632,"Savannah State",99005,2005
"2162",647,"South Carolina State",876,2005
"2163",649,"South Dakota State",99005,2005
"2164",654,"Southeast Missouri State",902,2005
"2165",655,"Southeastern Louisiana",914,2005
"2166",659,"Southern Illinois",853,2005
"2167",665,"Southern University",916,2005
"2168",667,"Southern Utah",99005,2005
"2169",669,"Missouri State",853,2005
"2170",670,"Texas State",914,2005
"2171",676,"Stephen F. Austin",914,2005
"2172",683,"Stony Brook",846,2005
"2173",691,"Tennessee State",902,2005
"2174",692,"Tennessee Tech",902,2005
"2175",693,"Chattanooga",912,2005
"2176",695,"Tennessee-Martin",902,2005
"2177",699,"Texas Southern",916,2005
"2178",711,"Towson",820,2005
"2179",735,"Valparaiso",21451,2005
"2180",739,"Villanova",820,2005
"2181",741,"Virginia Military",826,2005
"2182",748,"Wagner",846,2005
"2183",758,"Weber State",825,2005
"2184",769,"Western Carolina",912,2005
"2185",771,"Western Illinois",853,2005
"2186",772,"Western Kentucky",853,2005
"2187",786,"William & Mary",820,2005
"2188",813,"Yale",865,2005
"2189",817,"Youngstown State",853,2005
"2190",1068,"Elon",912,2005
"2191",1092,"Gardner-Webb",826,2005
"2192",2678,"Ark.-Pine Bluff",916,2005
"2193",2915,"Wofford",912,2005
