Season,Lg,Team,W,L,W/L%,Finish,SRS,Pace,Rel_Pace,ORtg,Rel_ORtg,DRtg,Rel_DRtg,Playoffs,Coaches,Top WS
2016-17,NBA,Denver Nuggets,40,42,0.488,4,0.7,98.3,1.9,113.2,4.4,112.7,3.9,,M. Malone (40-42),N. Jokic (9.7)
2015-16,NBA,Denver Nuggets,33,49,0.402,4,-2.81,95.7,-0.1,105.6,-0.8,108.9,2.5,,M. Malone (33-49),N. Jokic (6.7)
2014-15,NBA,Denver Nuggets,30,52,0.366,4,-3.07,96.1,2.2,104.5,-1.1,108.2,2.6,,"B. Shaw (20-39), M. Hunt (10-13)",T. Lawson (7.0)
2013-14,NBA,Denver Nuggets,36,46,0.439,4,-1.4,98.1,4.2,106,-0.7,108.2,1.5,,B. Shaw (36-46),K. Faried (6.5)
2012-13,NBA,Denver Nuggets*,57,25,0.695,2,5.37,95.1,3.1,110.4,4.5,105.1,-0.8,Lost W. Conf. 1st Rnd.,G. Karl (57-25),K. Faried (7.8)
2011-12,NBA,Denver Nuggets*,38,28,0.576,2,3.16,94.2,2.9,109.2,4.6,106.2,1.6,Lost W. Conf. 1st Rnd.,G. Karl (38-28),T. Lawson (6.9)
2010-11,NBA,Denver Nuggets*,50,32,0.61,2,4.81,95.6,3.5,112.3,5,107.3,0,Lost W. Conf. 1st Rnd.,G. Karl (50-32),N. Hilario (9.6)
2009-10,NBA,Denver Nuggets*,53,29,0.646,1,4.15,94.8,2.1,111.8,4.2,107.5,-0.1,Lost W. Conf. 1st Rnd.,G. Karl (53-29),N. Hilario (10.8)
2008-09,NBA,Denver Nuggets*,54,28,0.659,1,3.13,94.3,2.6,110.4,2.1,106.8,-1.5,Lost W. Conf. Finals,G. Karl (54-28),C. Billups (9.9)
2007-08,NBA,Denver Nuggets*,50,32,0.61,2,3.74,99.7,7.3,110,2.5,106.3,-1.2,Lost W. Conf. 1st Rnd.,G. Karl (50-32),A. Iverson (11.6)
2006-07,NBA,Denver Nuggets*,45,37,0.549,2,1.69,97.4,5.5,107.6,1.1,105.9,-0.6,Lost W. Conf. 1st Rnd.,G. Karl (45-37),M. Camby (7.6)
2005-06,NBA,Denver Nuggets*,44,38,0.537,1,0.36,93.9,3.4,105.5,-0.7,105.2,-1,Lost W. Conf. 1st Rnd.,G. Karl (44-38),C. Anthony (9.4)
2004-05,NBA,Denver Nuggets*,49,33,0.598,2,2.23,93.5,2.6,106,-0.1,103.9,-2.2,Lost W. Conf. 1st Rnd.,"J. Bzdelik (13-15), M. Cooper (4-10), G. Karl (32-8)",A. Miller (7.0)
2003-04,NBA,Denver Nuggets*,43,39,0.524,6,1.65,93.3,3.2,103.9,1,102.7,-0.2,Lost W. Conf. 1st Rnd.,J. Bzdelik (43-39),A. Miller (8.8)
2002-03,NBA,Denver Nuggets,17,65,0.207,7,-7.41,91,0,92.2,-11.4,101.3,-2.3,,J. Bzdelik (17-65),J. Howard (6.0)
2001-02,NBA,Denver Nuggets,27,55,0.329,6,-5.19,90.4,-0.3,101.4,-3.1,107.8,3.3,,"D. Issel (9-17), M. Evans (18-38)",R. LaFrentz (4.5)
2000-01,NBA,Denver Nuggets,40,42,0.488,6,-1.83,92.6,1.3,103.7,0.7,106.3,3.3,,D. Issel (40-42),A. McDyess (7.8)
2016-17,NBA,Atlanta Hawks*,43,39,0.524,2,-1.23,97.4,1,104.9,-3.9,105.7,-3.1,Lost E. Conf. 1st Rnd.,M. Budenholzer (43-39),D. Howard (8.3)
2015-16,NBA,Atlanta Hawks*,48,34,0.585,2,3.49,97.1,1.3,105.1,-1.3,101.4,-5,Lost E. Conf. Semis,M. Budenholzer (48-34),P. Millsap (10.1)
2014-15,NBA,Atlanta Hawks*,60,22,0.732,1,4.75,93.9,0,108.9,3.3,103.1,-2.5,Lost E. Conf. Finals,M. Budenholzer (60-22),A. Horford (8.7)
2013-14,NBA,Atlanta Hawks*,38,44,0.463,4,-0.88,94.6,0.7,105.9,-0.8,106.4,-0.3,Lost E. Conf. 1st Rnd.,M. Budenholzer (38-44),P. Millsap (6.7)
2012-13,NBA,Atlanta Hawks*,44,38,0.537,2,-0.08,92.6,0.6,104.8,-1.1,104.4,-1.5,Lost E. Conf. 1st Rnd.,L. Drew (44-38),A. Horford (8.8)
2011-12,NBA,Atlanta Hawks*,40,26,0.606,2,2.67,90.2,-1.1,104.9,0.3,101.2,-3.4,Lost E. Conf. 1st Rnd.,L. Drew (40-26),J. Smith (6.8)
2010-11,NBA,Atlanta Hawks*,44,38,0.537,3,-1.1,89.3,-2.8,106.1,-1.2,107,-0.3,Lost E. Conf. Semis,L. Drew (44-38),A. Horford (10.1)
2009-10,NBA,Atlanta Hawks*,53,29,0.646,2,4.44,90.1,-2.6,111.9,4.3,106.7,-0.9,Lost E. Conf. Semis,M. Woodson (53-29),A. Horford (10.9)
2008-09,NBA,Atlanta Hawks*,47,35,0.573,2,1.7,89.6,-2.1,109.3,1,107.6,-0.7,Lost E. Conf. Semis,M. Woodson (47-35),J. Johnson (7.6)
2007-08,NBA,Atlanta Hawks*,37,45,0.451,3,-2.23,91.1,-1.3,106.9,-0.6,108.9,1.4,Lost E. Conf. 1st Rnd.,M. Woodson (37-45),J. Childress (7.6)
2006-07,NBA,Atlanta Hawks,30,52,0.366,5,-4.86,90,-1.9,103,-3.5,108.3,1.8,,M. Woodson (30-52),J. Childress (5.5)
2005-06,NBA,Atlanta Hawks,26,56,0.317,5,-4.69,90.4,-0.1,106.4,0.2,111.6,5.4,,M. Woodson (26-56),J. Johnson (6.0)
2004-05,NBA,Atlanta Hawks,13,69,0.159,5,-9.62,91.4,0.5,100.6,-5.5,111.1,5,,M. Woodson (13-69),J. Childress (4.6)
2003-04,NBA,Atlanta Hawks,28,54,0.341,7,-5,90.8,0.7,101,-1.9,106.1,3.2,,T. Stotts (28-54),S. Abdur-Rahim (6.6)
2002-03,NBA,Atlanta Hawks,35,47,0.427,5,-3.87,91,0,102.3,-1.3,106.1,2.5,,"L. Kruger (11-16), T. Stotts (24-31)",S. Abdur-Rahim (9.7)
2001-02,NBA,Atlanta Hawks,33,49,0.402,6,-4.41,91.9,1.2,101.8,-2.7,106.4,1.9,,L. Kruger (33-49),J. Terry (8.6)
2000-01,NBA,Atlanta Hawks,25,57,0.305,7,-5.55,91.9,0.6,98.7,-4.3,104.3,1.3,,L. Kruger (25-57),J. Terry (6.5)
2016-17,NBA,Boston Celtics*,53,29,0.646,1,2.25,96.8,0.4,111.2,2.4,108.4,-0.4,Lost E. Conf. Finals,B. Stevens (53-29),I. Thomas (12.5)
2015-16,NBA,Boston Celtics*,48,34,0.585,2,2.84,98.5,2.7,106.8,0.4,103.6,-2.8,Lost E. Conf. 1st Rnd.,B. Stevens (48-34),I. Thomas (9.7)
2014-15,NBA,Boston Celtics*,40,42,0.488,2,-0.4,95.8,1.9,104.7,-0.9,104.5,-1.1,Lost E. Conf. 1st Rnd.,B. Stevens (40-42),T. Zeller (6.5)
2013-14,NBA,Boston Celtics,25,57,0.305,4,-4.97,93.3,-0.6,102.9,-3.8,107.7,1,,B. Stevens (25-57),B. Bass (5.1)
2012-13,NBA,Boston Celtics*,41,40,0.506,3,-0.62,91.7,-0.3,103.1,-2.8,103.3,-2.6,Lost E. Conf. 1st Rnd.,D. Rivers (41-40),P. Pierce (7.2)
2011-12,NBA,Boston Celtics*,39,27,0.591,1,2.26,90.4,-0.9,101,-3.6,98.2,-6.4,Lost E. Conf. Finals,D. Rivers (39-27),P. Pierce (7.0)
2010-11,NBA,Boston Celtics*,56,26,0.683,1,4.83,90.4,-1.7,106.2,-1.1,100.3,-7,Lost E. Conf. Semis,D. Rivers (56-26),P. Pierce (11.6)
2009-10,NBA,Boston Celtics*,50,32,0.61,1,3.37,91.6,-1.1,107.7,0.1,103.8,-3.8,Lost Finals,D. Rivers (50-32),R. Rondo (9.6)
2008-09,NBA,Boston Celtics*,62,20,0.756,1,7.44,90.4,-1.3,110.5,2.2,102.3,-6,Lost E. Conf. Semis,D. Rivers (62-20),R. Allen (11.1)
2007-08,NBA,Boston Celtics*,66,16,0.805,1,9.3,90.9,-1.5,110.2,2.7,98.9,-8.6,Won Finals,D. Rivers (66-16),K. Garnett (12.9)
2006-07,NBA,Boston Celtics,24,58,0.293,5,-3.7,92,0.1,103.2,-3.3,106.9,0.4,,D. Rivers (24-58),A. Jefferson (6.6)
2005-06,NBA,Boston Celtics,33,49,0.402,3,-1.59,92.2,1.7,105.2,-1,106.9,0.7,,D. Rivers (33-49),P. Pierce (11.5)
2004-05,NBA,Boston Celtics*,45,37,0.549,1,0.35,93.3,2.4,107.5,1.4,106.6,0.5,Lost E. Conf. 1st Rnd.,D. Rivers (45-37),P. Pierce (11.2)
2003-04,NBA,Boston Celtics*,36,46,0.439,4,-1.99,93.2,3.1,102.1,-0.8,103.7,0.8,Lost E. Conf. 1st Rnd.,"J. O'Brien (22-24), J. Carroll (14-22)",P. Pierce (7.1)
2002-03,NBA,Boston Celtics*,44,38,0.537,3,-0.75,90.9,-0.1,101.2,-2.4,101.6,-2,Lost E. Conf. Semis,J. O'Brien (44-38),P. Pierce (10.1)
2001-02,NBA,Boston Celtics*,49,33,0.598,2,1.75,92.5,1.8,103.4,-1.1,101,-3.5,Lost E. Conf. Finals,J. O'Brien (49-33),P. Pierce (12.9)
2000-01,NBA,Boston Celtics,36,46,0.439,5,-2.4,92.6,1.3,101.4,-1.6,103.7,0.7,,"R. Pitino (12-22), J. O'Brien (24-24)",P. Pierce (10.4)
2016-17,NBA,Brooklyn Nets,20,62,0.244,5,-6.74,101.3,4.9,104.1,-4.7,110.7,1.9,,K. Atkinson (20-62),B. Lopez (4.9)
2015-16,NBA,Brooklyn Nets,21,61,0.256,4,-7.12,95.2,-0.6,103.2,-3.2,110.9,4.5,,"L. Hollins (10-27), T. Brown (11-34)",B. Lopez (6.2)
2014-15,NBA,Brooklyn Nets*,38,44,0.463,3,-3.13,92.7,-1.2,104.4,-1.2,107.4,1.8,Lost E. Conf. 1st Rnd.,L. Hollins (38-44),B. Lopez (7.0)
2013-14,NBA,Brooklyn Nets*,44,38,0.537,2,-1.58,91.4,-2.5,106.7,0,107.7,1,Lost E. Conf. Semis,J. Kidd (44-38),D. Williams (5.4)
2012-13,NBA,Brooklyn Nets*,49,33,0.598,2,1.25,88.8,-3.2,108.2,2.3,106.2,0.3,Lost E. Conf. 1st Rnd.,"A. Johnson (14-14), P. Carlesimo (35-19)",D. Williams (10.9)
2011-12,NBA,New Jersey Nets,22,44,0.333,5,-6.37,90.1,-1.2,102.9,-1.7,109.6,5,,A. Johnson (22-44),K. Humphries (5.3)
2010-11,NBA,New Jersey Nets,24,58,0.293,4,-6.28,89.9,-2.2,103.1,-4.2,109.9,2.6,,A. Johnson (24-58),B. Lopez (6.3)
2009-10,NBA,New Jersey Nets,12,70,0.146,5,-8.93,91.4,-1.3,100.6,-7,110.5,2.9,,"L. Frank (0-16), T. Barrise (0-2), K. Vandeweghe (12-52)",B. Lopez (7.9)
2008-09,NBA,New Jersey Nets,34,48,0.415,3,-2.31,89.9,-1.8,108.3,0,111,2.7,,L. Frank (34-48),V. Carter (7.5)
2007-08,NBA,New Jersey Nets,34,48,0.415,4,-5.15,91.5,-0.9,104,-3.5,109.4,1.9,,L. Frank (34-48),V. Carter (7.7)
2006-07,NBA,New Jersey Nets*,41,41,0.5,2,-1,91.4,-0.5,105.7,-0.8,106.6,0.1,Lost E. Conf. Semis,L. Frank (41-41),V. Carter (10.5)
2005-06,NBA,New Jersey Nets*,49,33,0.598,1,1.11,89.8,-0.7,103.9,-2.3,102.4,-3.8,Lost E. Conf. Semis,L. Frank (49-33),R. Jefferson (11.7)
2004-05,NBA,New Jersey Nets*,42,40,0.512,3,-1.82,89.1,-1.8,101.4,-4.7,103.1,-3,Lost E. Conf. 1st Rnd.,L. Frank (42-40),V. Carter (8.5)
2003-04,NBA,New Jersey Nets*,47,35,0.573,1,1.88,89.4,-0.7,100.8,-2.1,98,-4.9,Lost E. Conf. Semis,"B. Scott (22-20), L. Frank (25-15)",R. Jefferson (11.0)
2002-03,NBA,New Jersey Nets*,49,33,0.598,1,4.42,91.6,0.6,103.8,0.2,98.1,-5.5,Lost Finals,B. Scott (49-33),J. Kidd (11.3)
2001-02,NBA,New Jersey Nets*,52,30,0.634,1,3.67,91.8,1.1,104,-0.5,99.5,-5,Lost Finals,B. Scott (52-30),J. Kidd (8.9)
2000-01,NBA,New Jersey Nets,26,56,0.317,6,-5.3,91.8,0.5,100,-3,105.5,2.5,,B. Scott (26-56),S. Marbury (7.8)
2016-17,NBA,Charlotte Hornets,36,46,0.439,4,-0.07,95.7,-0.7,108.8,0,108.6,-0.2,,S. Clifford (36-46),K. Walker (8.1)
2015-16,NBA,Charlotte Hornets*,48,34,0.585,3,2.36,95.7,-0.1,107.1,0.7,104.3,-2.1,Lost E. Conf. 1st Rnd.,S. Clifford (48-34),K. Walker (9.9)
2014-15,NBA,Charlotte Hornets,33,49,0.402,4,-3.44,93,-0.9,100.1,-5.5,103.5,-2.1,,S. Clifford (33-49),A. Jefferson (4.7)
2013-14,NBA,Charlotte Bobcats*,43,39,0.524,3,-0.89,92.4,-1.5,103.6,-3.1,103.8,-2.9,Lost E. Conf. 1st Rnd.,S. Clifford (43-39),A. Jefferson (7.8)
2012-13,NBA,Charlotte Bobcats,21,61,0.256,4,-9.29,91.5,-0.5,101.5,-4.4,111.5,5.6,,M. Dunlap (21-61),K. Walker (4.8)
2011-12,NBA,Charlotte Bobcats,7,59,0.106,5,-13.96,91.1,-0.2,95.2,-9.4,110.4,5.8,,P. Silas (7-59),D. Brown (2.3)
2010-11,NBA,Charlotte Bobcats,34,48,0.415,4,-4.08,89.6,-2.5,103.4,-3.9,107.8,0.5,,"L. Brown (9-19), P. Silas (25-29)",D. Augustin (6.2)
2009-10,NBA,Charlotte Bobcats*,44,38,0.537,4,1.3,90.4,-2.3,104.4,-3.2,102.8,-4.8,Lost E. Conf. 1st Rnd.,L. Brown (44-38),G. Wallace (11.5)
2008-09,NBA,Charlotte Bobcats,35,47,0.427,4,-1.2,88.3,-3.4,104.7,-3.6,106.1,-2.2,,L. Brown (35-47),G. Wallace (9.5)
2007-08,NBA,Charlotte Bobcats,32,50,0.39,4,-4.49,91.8,-0.6,104.6,-2.9,109.4,1.9,,S. Vincent (32-50),J. Richardson (7.4)
2006-07,NBA,Charlotte Bobcats,33,49,0.402,4,-3.97,92,0.1,103.6,-2.9,107.6,1.1,,B. Bickerstaff (33-49),G. Wallace (7.7)
2005-06,NBA,Charlotte Bobcats,26,56,0.317,4,-3.9,93.4,2.9,102.5,-3.7,106.7,0.5,,B. Bickerstaff (26-56),G. Wallace (6.4)
2004-05,NBA,Charlotte Bobcats,18,64,0.22,4,-6.15,92.3,1.4,101.1,-5,107.5,1.4,,B. Bickerstaff (18-64),P. Brezec (4.9)
2001-02,NBA,Charlotte Hornets*,44,38,0.537,2,0.57,89.7,-1,104.3,-0.2,103.3,-1.2,Lost E. Conf. Semis,P. Silas (44-38),P. Brown (8.2)
2000-01,NBA,Charlotte Hornets*,46,36,0.561,3,1.45,89.4,-1.9,101.8,-1.2,99.5,-3.5,Lost E. Conf. Semis,P. Silas (46-36),B. Davis (8.9)
2016-17,NBA,Chicago Bulls*,41,41,0.5,4,0.03,95.3,-1.1,107.4,-1.4,107,-1.8,Lost E. Conf. 1st Rnd.,F. Hoiberg (41-41),J. Butler (13.8)
2015-16,NBA,Chicago Bulls,42,40,0.512,4,-1.46,95.7,-0.1,105,-1.4,106.5,0.1,,F. Hoiberg (42-40),J. Butler (9.1)
2014-15,NBA,Chicago Bulls*,50,32,0.61,2,2.54,92.8,-1.1,107.5,1.9,104.3,-1.3,Lost E. Conf. Semis,T. Thibodeau (50-32),J. Butler (11.2)
2013-14,NBA,Chicago Bulls*,48,34,0.585,2,1.2,90.2,-3.7,102.5,-4.2,100.5,-6.2,Lost E. Conf. 1st Rnd.,T. Thibodeau (48-34),J. Noah (11.2)
2012-13,NBA,Chicago Bulls*,45,37,0.549,2,-0.02,89.3,-2.7,103.5,-2.4,103.2,-2.7,Lost E. Conf. Semis,T. Thibodeau (45-37),J. Noah (7.3)
2011-12,NBA,Chicago Bulls*,50,16,0.758,1,7.43,89.1,-2.2,107.4,2.8,98.3,-6.3,Lost E. Conf. 1st Rnd.,T. Thibodeau (50-16),J. Noah (9.0)
2010-11,NBA,Chicago Bulls*,62,20,0.756,1,6.53,90.4,-1.7,108.3,1,100.3,-7,Lost E. Conf. Finals,T. Thibodeau (62-20),D. Rose (13.1)
2009-10,NBA,Chicago Bulls*,41,41,0.5,3,-1.64,93.1,0.4,103.5,-4.1,105.3,-2.3,Lost E. Conf. 1st Rnd.,V. Del Negro (41-41),J. Noah (6.2)
2008-09,NBA,Chicago Bulls*,41,41,0.5,2,-0.16,93.1,1.4,108.4,0.1,108.7,0.4,Lost E. Conf. 1st Rnd.,V. Del Negro (41-41),B. Gordon (6.9)
2007-08,NBA,Chicago Bulls,33,49,0.402,4,-3.19,93,0.6,103.9,-3.6,107.2,-0.3,,"S. Skiles (9-16), P. Myers (0-1), J. Boylan (24-32)",B. Gordon (5.1)
2006-07,NBA,Chicago Bulls*,49,33,0.598,3,4.52,93.6,1.7,104.9,-1.6,99.6,-6.9,Lost E. Conf. Semis,S. Skiles (49-33),L. Deng (11.3)
2005-06,NBA,Chicago Bulls*,41,41,0.5,4,0.51,92.9,2.4,104,-2.2,103.4,-2.8,Lost E. Conf. 1st Rnd.,S. Skiles (41-41),K. Hinrich (7.6)
2004-05,NBA,Chicago Bulls*,47,35,0.573,2,0.65,92.4,1.5,101.4,-4.7,100.3,-5.8,Lost E. Conf. 1st Rnd.,S. Skiles (47-35),T. Chandler (8.3)
2003-04,NBA,Chicago Bulls,23,59,0.28,8,-6.69,92.2,2.1,96.6,-6.3,103.4,0.5,,"B. Cartwright (4-10), P. Myers (0-2), S. Skiles (19-47)",K. Hinrich (4.1)
2002-03,NBA,Chicago Bulls,30,52,0.366,6,-5.31,93.5,2.5,100.2,-3.4,105.6,2,,B. Cartwright (30-52),D. Marshall (6.0)
2001-02,NBA,Chicago Bulls,21,61,0.256,8,-8.52,90.5,-0.2,98.2,-6.3,107.6,3.1,,"T. Floyd (4-21), B. Berry (0-2), B. Cartwright (17-38)",B. Miller (4.4)
2000-01,NBA,Chicago Bulls,15,67,0.183,8,-9.09,89.3,-2,97.2,-5.8,107.3,4.3,,T. Floyd (15-67),E. Brand (6.1)
2016-17,NBA,Cleveland Cavaliers*,51,31,0.622,1,2.87,96.2,-0.2,113.6,4.8,110.3,1.5,Lost Finals,T. Lue (51-31),L. James (12.9)
2015-16,NBA,Cleveland Cavaliers*,57,25,0.695,1,5.45,93.3,-2.5,110.9,4.5,104.5,-1.9,Won Finals,"D. Blatt (30-11), T. Lue (27-14)",L. James (13.6)
2014-15,NBA,Cleveland Cavaliers*,53,29,0.646,1,4.08,92.3,-1.6,111.1,5.5,106.3,0.7,Lost Finals,D. Blatt (53-29),K. Irving (10.4)
2013-14,NBA,Cleveland Cavaliers,33,49,0.402,3,-3.86,93.1,-0.8,104.2,-2.5,107.7,1,,M. Brown (33-49),K. Irving (6.7)
2012-13,NBA,Cleveland Cavaliers,24,58,0.293,5,-4.87,92.3,0.3,104.3,-1.6,109.4,3.5,,B. Scott (24-58),K. Irving (5.3)
2011-12,NBA,Cleveland Cavaliers,21,45,0.318,5,-7.34,91.3,0,101.1,-3.5,108.9,4.3,,B. Scott (21-45),K. Irving (4.1)
2010-11,NBA,Cleveland Cavaliers,19,63,0.232,5,-8.88,93,0.9,102.2,-5.1,111.8,4.5,,B. Scott (19-63),R. Sessions (4.4)
2009-10,NBA,Cleveland Cavaliers*,61,21,0.744,1,6.17,91.4,-1.3,111.2,3.6,104.1,-3.5,Lost E. Conf. Semis,M. Brown (61-21),L. James (18.5)
2008-09,NBA,Cleveland Cavaliers*,66,16,0.805,1,8.68,88.7,-3,112.4,4.1,102.4,-5.9,Lost E. Conf. Finals,M. Brown (66-16),L. James (20.3)
2007-08,NBA,Cleveland Cavaliers*,45,37,0.549,2,-0.53,90.2,-2.2,106,-1.5,106.4,-1.1,Lost E. Conf. Semis,M. Brown (45-37),L. James (15.2)
2006-07,NBA,Cleveland Cavaliers*,50,32,0.61,2,3.33,90.8,-1.1,105.5,-1,101.3,-5.2,Lost Finals,M. Brown (50-32),L. James (13.7)
2005-06,NBA,Cleveland Cavaliers*,50,32,0.61,2,2.17,89.8,-0.7,107.8,1.6,105.4,-0.8,Lost E. Conf. Semis,M. Brown (50-32),L. James (16.3)
2004-05,NBA,Cleveland Cavaliers,42,40,0.512,4,0.27,89.7,-1.2,106.6,0.5,105.7,-0.4,,"P. Silas (34-30), B. Malone (8-10)",L. James (14.3)
2003-04,NBA,Cleveland Cavaliers,35,47,0.427,5,-3.07,90.8,0.7,101.4,-1.5,104.2,1.3,,P. Silas (35-47),C. Boozer (9.4)
2002-03,NBA,Cleveland Cavaliers,17,65,0.207,8,-9.59,94,3,96.5,-7.1,106.7,3.1,,"J. Lucas (8-34), K. Smart (9-31)",C. Boozer (5.9)
2001-02,NBA,Cleveland Cavaliers,29,53,0.354,7,-3.52,90.3,-0.4,104.6,0.1,108.2,3.7,,J. Lucas (29-53),A. Miller (10.3)
2000-01,NBA,Cleveland Cavaliers,30,52,0.366,6,-4.48,91.2,-0.1,100.3,-2.7,104.9,1.9,,R. Wittman (30-52),C. Weatherspoon (8.6)
2016-17,NBA,Dallas Mavericks,33,49,0.402,5,-2.53,92.2,-4.2,105.6,-3.2,108.8,0,,R. Carlisle (33-49),S. Curry (4.6)
2015-16,NBA,Dallas Mavericks*,42,40,0.512,2,-0.02,94.3,-1.5,106.7,0.3,107,0.6,Lost W. Conf. 1st Rnd.,R. Carlisle (42-40),D. Nowitzki (6.8)
2014-15,NBA,Dallas Mavericks*,50,32,0.61,4,3.36,95.2,1.3,109.5,3.9,106.4,0.8,Lost W. Conf. 1st Rnd.,R. Carlisle (50-32),T. Chandler (10.3)
2013-14,NBA,Dallas Mavericks*,49,33,0.598,4,2.91,93.5,-0.4,111.2,4.5,108.7,2,Lost W. Conf. 1st Rnd.,R. Carlisle (49-33),D. Nowitzki (10.9)
2012-13,NBA,Dallas Mavericks,41,41,0.5,4,-0.24,94.1,2.1,105.9,0,106.5,0.6,,R. Carlisle (41-41),V. Carter (6.0)
2011-12,NBA,Dallas Mavericks*,36,30,0.545,3,1.78,91.4,0.1,103.3,-1.3,102.3,-2.3,Lost W. Conf. 1st Rnd.,R. Carlisle (36-30),D. Nowitzki (7.6)
2010-11,NBA,Dallas Mavericks*,57,25,0.695,2,4.41,91.3,-0.8,109.7,2.4,105,-2.3,Won Finals,R. Carlisle (57-25),D. Nowitzki (11.1)
2009-10,NBA,Dallas Mavericks*,55,27,0.671,1,2.66,92.5,-0.2,109.2,1.6,106.3,-1.3,Lost W. Conf. 1st Rnd.,R. Carlisle (55-27),D. Nowitzki (12.3)
2008-09,NBA,Dallas Mavericks*,50,32,0.61,3,1.68,91.5,-0.2,110.5,2.2,108.4,0.1,Lost W. Conf. Semis,R. Carlisle (50-32),D. Nowitzki (10.9)
2007-08,NBA,Dallas Mavericks*,51,31,0.622,4,4.7,90.2,-2.2,111.1,3.6,106.1,-1.4,Lost W. Conf. 1st Rnd.,A. Johnson (51-31),D. Nowitzki (12.9)
2006-07,NBA,Dallas Mavericks*,67,15,0.817,1,7.28,89.5,-2.4,111.3,4.8,103.2,-3.3,Lost W. Conf. 1st Rnd.,A. Johnson (67-15),D. Nowitzki (16.3)
2005-06,NBA,Dallas Mavericks*,60,22,0.732,2,5.96,87.8,-2.7,111.8,5.6,105,-1.2,Lost Finals,A. Johnson (60-22),D. Nowitzki (17.7)
2004-05,NBA,Dallas Mavericks*,58,24,0.707,2,5.86,92.7,1.8,110.3,4.2,104.1,-2,Lost W. Conf. Semis,"D. Nelson (42-22), A. Johnson (16-2)",D. Nowitzki (15.6)
2003-04,NBA,Dallas Mavericks*,52,30,0.634,3,4.86,93.2,3.1,112.1,9.2,107.4,4.5,Lost W. Conf. 1st Rnd.,D. Nelson (52-30),D. Nowitzki (11.5)
2002-03,NBA,Dallas Mavericks*,60,22,0.732,2,7.9,92.5,1.5,110.7,7.1,102.3,-1.3,Lost W. Conf. Finals,D. Nelson (60-22),D. Nowitzki (16.1)
2001-02,NBA,Dallas Mavericks*,57,25,0.695,2,4.41,92.8,2.1,112.2,7.7,107.7,3.2,Lost W. Conf. Semis,D. Nelson (57-25),D. Nowitzki (13.4)
2000-01,NBA,Dallas Mavericks*,53,29,0.646,3,4.61,93.2,1.9,107.1,4.1,102.6,-0.4,Lost W. Conf. Semis,D. Nelson (53-29),D. Nowitzki (14.6)
2016-17,NBA,Detroit Pistons,37,45,0.451,5,-1.29,95,-1.4,106,-2.8,107.1,-1.7,,S. Van Gundy (37-45),T. Harris (6.8)
2015-16,NBA,Detroit Pistons*,44,38,0.537,3,0.43,95.1,-0.7,106.1,-0.3,105.5,-0.9,Lost E. Conf. 1st Rnd.,S. Van Gundy (44-38),A. Drummond (7.4)
2014-15,NBA,Detroit Pistons,32,50,0.39,5,-1.39,92.8,-1.1,105.3,-0.3,106.4,0.8,,S. Van Gundy (32-50),A. Drummond (7.7)
2013-14,NBA,Detroit Pistons,29,53,0.354,4,-4.13,94.9,1,105.9,-0.8,109.7,3,,"M. Cheeks (21-29), J. Loyer (8-24)",A. Drummond (9.9)
2012-13,NBA,Detroit Pistons,29,53,0.354,4,-4.33,90.8,-1.2,103.8,-2.1,108.1,2.2,,L. Frank (29-53),G. Monroe (5.9)
2011-12,NBA,Detroit Pistons,25,41,0.379,4,-5.19,89.2,-2.1,101,-3.6,106.3,1.7,,L. Frank (25-41),G. Monroe (7.0)
2010-11,NBA,Detroit Pistons,30,52,0.366,4,-3.78,89.2,-2.9,107.7,0.4,111.7,4.4,,J. Kuester (30-52),G. Monroe (6.6)
2009-10,NBA,Detroit Pistons,27,55,0.329,5,-5.02,88.5,-4.2,105.6,-2,111.4,3.8,,J. Kuester (27-55),B. Wallace (4.7)
2008-09,NBA,Detroit Pistons*,39,43,0.476,3,-0.36,86.7,-5,107.4,-0.9,108,-0.3,Lost E. Conf. 1st Rnd.,M. Curry (39-43),T. Prince (6.2)
2007-08,NBA,Detroit Pistons*,59,23,0.72,1,6.67,87.3,-5.1,111.4,3.9,102.9,-4.6,Lost E. Conf. Finals,F. Saunders (59-23),C. Billups (13.5)
2006-07,NBA,Detroit Pistons*,53,29,0.646,1,3.69,87.3,-4.6,108.9,2.4,104.2,-2.3,Lost E. Conf. Finals,F. Saunders (53-29),C. Billups (11.4)
2005-06,NBA,Detroit Pistons*,64,18,0.78,1,6.24,86.8,-3.7,110.8,4.6,103.1,-3.1,Lost E. Conf. Finals,F. Saunders (64-18),C. Billups (15.5)
2004-05,NBA,Detroit Pistons*,54,28,0.659,1,3.31,87.2,-3.7,105.6,-0.5,101.2,-4.9,Lost Finals,L. Brown (54-28),C. Billups (12.1)
2003-04,NBA,Detroit Pistons*,54,28,0.659,2,5.04,87.9,-2.2,102,-0.9,95.4,-7.5,Won Finals,L. Brown (54-28),C. Billups (11.3)
2002-03,NBA,Detroit Pistons*,50,32,0.61,1,2.97,86.8,-4.2,104.1,0.5,99.9,-3.7,Lost E. Conf. Finals,R. Carlisle (50-32),B. Wallace (10.6)
2001-02,NBA,Detroit Pistons*,50,32,0.61,1,1.69,90,-0.7,104.8,0.3,102.4,-2.1,Lost E. Conf. Semis,R. Carlisle (50-32),B. Wallace (11.6)
2000-01,NBA,Detroit Pistons,32,50,0.39,5,-2.08,94.7,3.4,100,-3,101.8,-1.2,,G. Irvine (32-50),J. Stackhouse (9.2)
2016-17,NBA,Golden State Warriors*,67,15,0.817,1,11.35,99.8,3.4,115.6,6.8,104,-4.8,Won Finals,S. Kerr (67-15),S. Curry (12.6)
2015-16,NBA,Golden State Warriors*,73,9,0.89,1,10.38,99.3,3.5,114.5,8.1,103.8,-2.6,Lost Finals,S. Kerr (73-9),S. Curry (17.9)
2014-15,NBA,Golden State Warriors*,67,15,0.817,1,10.01,98.3,4.4,111.6,6,101.4,-4.2,Won Finals,S. Kerr (67-15),S. Curry (15.7)
2013-14,NBA,Golden State Warriors*,51,31,0.622,2,5.15,96.2,2.3,107.5,0.8,102.6,-4.1,Lost W. Conf. 1st Rnd.,M. Jackson (51-31),S. Curry (13.4)
2012-13,NBA,Golden State Warriors*,47,35,0.573,2,1.32,94.5,2.5,106.4,0.5,105.5,-0.4,Lost W. Conf. Semis,M. Jackson (47-35),S. Curry (11.2)
2011-12,NBA,Golden State Warriors,23,43,0.348,4,-2.79,92.3,1,105.4,0.8,109.1,4.5,,M. Jackson (23-43),D. Lee (5.0)
2010-11,NBA,Golden State Warriors,36,46,0.439,3,-2,94.8,2.7,108.2,0.9,110.7,3.4,,K. Smart (36-46),S. Curry (6.6)
2009-10,NBA,Golden State Warriors,26,56,0.317,4,-3.28,100.4,7.7,108.1,0.5,111.7,4.1,,D. Nelson (26-56),C. Maggette (6.3)
2008-09,NBA,Golden State Warriors,29,53,0.354,3,-3.8,98.2,6.5,109.5,1.2,113.3,5,,D. Nelson (29-53),A. Biedrins (5.4)
2007-08,NBA,Golden State Warriors,48,34,0.585,3,2.38,98.8,6.4,111.8,4.3,109.5,2,,D. Nelson (48-34),M. Ellis (9.0)
2006-07,NBA,Golden State Warriors*,42,40,0.512,3,0,99.2,7.3,107,0.5,107.4,0.9,Lost W. Conf. Semis,D. Nelson (42-40),A. Biedrins (6.7)
2005-06,NBA,Golden State Warriors,34,48,0.415,5,-1.11,93.3,2.8,104.8,-1.4,106.2,0,,M. Montgomery (34-48),J. Richardson (7.3)
2004-05,NBA,Golden State Warriors,34,48,0.415,5,-1.74,93.3,2.4,104.7,-1.4,106.9,0.8,,M. Montgomery (34-48),J. Richardson (5.7)
2003-04,NBA,Golden State Warriors,37,45,0.451,4,-0.07,89.8,-0.3,103,0.1,103.8,0.9,,E. Musselman (37-45),E. Dampier (8.9)
2002-03,NBA,Golden State Warriors,38,44,0.463,6,-0.6,94.2,3.2,108.3,4.7,109.5,5.9,,E. Musselman (38-44),A. Jamison (8.5)
2001-02,NBA,Golden State Warriors,21,61,0.256,7,-4.8,94.5,3.8,102.8,-1.7,108.5,4,,"D. Cowens (8-15), B. Winters (13-46)",A. Jamison (6.4)
2000-01,NBA,Golden State Warriors,17,65,0.207,7,-8.11,94.1,2.8,97.8,-5.2,107.4,4.4,,D. Cowens (17-65),A. Jamison (6.7)
2016-17,NBA,Houston Rockets*,55,27,0.671,2,5.84,100,3.6,114.7,5.9,109,0.2,Lost W. Conf. Semis,M. D'Antoni (55-27),J. Harden (15.0)
2015-16,NBA,Houston Rockets*,41,41,0.5,4,0.34,97.6,1.8,108.3,1.9,108.1,1.7,Lost W. Conf. 1st Rnd.,K. McHale (4-7) J. Bickerstaff (37-34),J. Harden (13.3)
2014-15,NBA,Houston Rockets*,56,26,0.683,1,3.82,96.5,2.6,107,1.4,103.4,-2.2,Lost W. Conf. Finals,K. McHale (56-26),J. Harden (16.4)
2013-14,NBA,Houston Rockets*,54,28,0.659,2,5.06,96.3,2.4,111,4.3,106.3,-0.4,Lost W. Conf. 1st Rnd.,K. McHale (54-28),J. Harden (12.8)
2012-13,NBA,Houston Rockets*,45,37,0.549,3,3.69,96.1,4.1,109.7,3.8,106.1,0.2,Lost W. Conf. 1st Rnd.,K. McHale (45-37),J. Harden (12.8)
2011-12,NBA,Houston Rockets,34,32,0.515,4,0.57,91.7,0.4,105.5,0.9,105.2,0.6,,K. McHale (34-32),G. Dragic (5.1)
2010-11,NBA,Houston Rockets,43,39,0.524,5,2.37,94.2,2.1,111.3,4,109,1.7,,R. Adelman (43-39),K. Martin (9.5)
2009-10,NBA,Houston Rockets,42,40,0.512,3,-0.02,94,1.3,107.6,0,108,0.4,,R. Adelman (42-40),L. Scola (6.3)
2008-09,NBA,Houston Rockets*,53,29,0.646,2,3.73,90.2,-1.5,108.4,0.1,104,-4.3,Lost W. Conf. Semis,R. Adelman (53-29),Y. Ming (10.6)
2007-08,NBA,Houston Rockets*,55,27,0.671,3,4.83,90.4,-2,106.8,-0.7,101.6,-5.9,Lost W. Conf. 1st Rnd.,R. Adelman (55-27),Y. Ming (8.3)
2006-07,NBA,Houston Rockets*,52,30,0.634,3,5.04,90.7,-1.2,106,-0.5,100.7,-5.8,Lost W. Conf. 1st Rnd.,J. Van Gundy (52-30),S. Battier (9.0)
2005-06,NBA,Houston Rockets,34,48,0.415,5,-1.3,88,-2.5,101.6,-4.6,103.3,-2.9,,J. Van Gundy (34-48),Y. Ming (8.6)
2004-05,NBA,Houston Rockets*,51,31,0.622,3,4.27,88.8,-2.1,106.2,0.1,101.7,-4.4,Lost W. Conf. 1st Rnd.,J. Van Gundy (51-31),T. McGrady (12.0)
2003-04,NBA,Houston Rockets*,45,37,0.549,5,2.28,87.8,-2.3,100.9,-2,99,-3.9,Lost W. Conf. 1st Rnd.,J. Van Gundy (45-37),Y. Ming (11.4)
2002-03,NBA,Houston Rockets,43,39,0.524,5,1.89,88.8,-2.2,104.3,0.7,102.6,-1,,R. Tomjanovich (43-39),S. Francis (11.1)
2001-02,NBA,Houston Rockets,28,54,0.341,5,-4.31,88.2,-2.5,103.1,-1.4,108.6,4.1,,R. Tomjanovich (28-54),C. Mobley (5.7)
2000-01,NBA,Houston Rockets,45,37,0.549,5,2.71,90.4,-0.9,106.7,3.7,104.2,1.2,,R. Tomjanovich (45-37),S. Francis (12.2)
2016-17,NBA,Indiana Pacers*,42,40,0.512,3,-0.64,95.9,-0.5,108.6,-0.2,108.8,0,Lost E. Conf. 1st Rnd.,N. McMillan (42-40),J. Teague (8.1)
2015-16,NBA,Indiana Pacers*,45,37,0.549,2,1.62,96.6,0.8,104.6,-1.8,102.9,-3.5,Lost E. Conf. 1st Rnd.,F. Vogel (45-37),P. George (9.2)
2014-15,NBA,Indiana Pacers,38,44,0.463,4,-0.23,93.2,-0.7,103.5,-2.1,103.2,-2.4,,F. Vogel (38-44),G. Hill (5.4)
2013-14,NBA,Indiana Pacers*,56,26,0.683,1,3.63,92.5,-1.4,104.1,-2.6,99.3,-7.4,Lost E. Conf. Finals,F. Vogel (56-26),P. George (10.8)
2012-13,NBA,Indiana Pacers*,49,32,0.605,1,3.34,90.2,-1.8,104.3,-1.6,99.8,-6.1,Lost E. Conf. Finals,F. Vogel (49-32),G. Hill (9.7)
2011-12,NBA,Indiana Pacers*,42,24,0.636,2,2.6,90.7,-0.6,106.7,2.1,103.1,-1.5,Lost E. Conf. Semis,F. Vogel (42-24),D. Granger (6.7)
2010-11,NBA,Indiana Pacers*,37,45,0.451,2,-1.38,94.7,2.6,104.8,-2.5,106,-1.3,Lost E. Conf. 1st Rnd.,J. O'Brien (17-27) F. Vogel (20-18),D. Granger (6.9)
2009-10,NBA,Indiana Pacers,32,50,0.39,4,-3.11,97.1,4.4,103.7,-3.9,106.8,-0.8,,J. O'Brien (32-50),T. Murphy (7.8)
2008-09,NBA,Indiana Pacers,36,46,0.439,4,-0.76,96.5,4.8,108.1,-0.2,109.2,0.9,,J. O'Brien (36-46),T. Murphy (8.5)
2007-08,NBA,Indiana Pacers,36,46,0.439,3,-1.87,97.7,5.3,106,-1.5,107.5,0,,J. O'Brien (36-46),M. Dunleavy (8.5)
2006-07,NBA,Indiana Pacers,35,47,0.427,4,-2.62,92.4,0.5,102.9,-3.6,105.5,-1,,R. Carlisle (35-47),D. Granger (6.5)
2005-06,NBA,Indiana Pacers*,41,41,0.5,3,1.62,89.7,-0.8,104.5,-1.7,102.4,-3.8,Lost E. Conf. 1st Rnd.,R. Carlisle (41-41),J. Foster (5.7)
2004-05,NBA,Indiana Pacers*,44,38,0.537,3,0.49,87.2,-3.7,105.5,-0.6,104.6,-1.5,Lost E. Conf. Semis,R. Carlisle (44-38),R. Miller (6.6)
2003-04,NBA,Indiana Pacers*,61,21,0.744,1,4.93,87.5,-2.6,103.8,0.9,97.2,-5.7,Lost E. Conf. Finals,R. Carlisle (61-21),J. O'Neal (9.0)
2002-03,NBA,Indiana Pacers*,48,34,0.585,2,2.79,91.6,0.6,104.6,1,100.8,-2.8,Lost E. Conf. 1st Rnd.,I. Thomas (48-34),J. O'Neal (10.5)
2001-02,NBA,Indiana Pacers*,42,40,0.512,4,-0.07,91.9,1.2,104.1,-0.4,103.8,-0.7,Lost E. Conf. 1st Rnd.,I. Thomas (42-40),R. Miller (9.5)
2000-01,NBA,Indiana Pacers*,41,41,0.5,4,-0.77,89.4,-1.9,102,-1,102.2,-0.8,Lost E. Conf. 1st Rnd.,I. Thomas (41-41),R. Miller (10.3)
2016-17,NBA,Los Angeles Clippers*,51,31,0.622,2,4.42,96.1,-0.3,112.7,3.9,108.2,-0.6,Lost W. Conf. 1st Rnd.,D. Rivers (51-31),D. Jordan (11.8)
2015-16,NBA,Los Angeles Clippers*,53,29,0.646,2,4.13,95.8,0,108.3,1.9,103.8,-2.6,Lost W. Conf. 1st Rnd.,D. Rivers (53-29),C. Paul (12.7)
2014-15,NBA,Los Angeles Clippers*,56,26,0.683,2,6.8,94.7,0.8,112.4,6.8,105.5,-0.1,Lost W. Conf. Semis,D. Rivers (56-26),C. Paul (16.1)
2013-14,NBA,Los Angeles Clippers*,57,25,0.695,1,7.27,95.9,2,112.1,5.4,104.8,-1.9,Lost W. Conf. Semis,D. Rivers (57-25),B. Griffin (12.2)
2012-13,NBA,Los Angeles Clippers*,56,26,0.683,1,6.43,91.1,-0.9,110.6,4.7,103.6,-2.3,Lost W. Conf. 1st Rnd.,V. Del Negro (56-26),C. Paul (13.9)
2011-12,NBA,Los Angeles Clippers*,40,26,0.606,2,2.82,89.2,-2.1,108.5,3.9,105.7,1.1,Lost W. Conf. Semis,V. Del Negro (40-26),C. Paul (12.7)
2010-11,NBA,Los Angeles Clippers,32,50,0.39,4,-2.71,92.8,0.7,105.3,-2,108.7,1.4,,V. Del Negro (32-50),B. Griffin (9.8)
2009-10,NBA,Los Angeles Clippers,29,53,0.354,3,-6.01,92.6,-0.1,103.3,-4.3,110.1,2.5,,M. Dunleavy (21-28) K. Hughes (8-25),M. Camby (4.6)
2008-09,NBA,Los Angeles Clippers,19,63,0.232,4,-8.47,92.1,0.4,102.3,-6,111.7,3.4,,M. Dunleavy (19-63),M. Camby (5.2)
2007-08,NBA,Los Angeles Clippers,23,59,0.28,5,-6.56,92.1,-0.3,101.2,-6.3,109.1,1.6,,M. Dunleavy (23-59),C. Maggette (6.9)
2006-07,NBA,Los Angeles Clippers,40,42,0.488,4,-0.07,90.8,-1.1,105.1,-1.4,105.6,-0.9,,M. Dunleavy (40-42),E. Brand (11.5)
2005-06,NBA,Los Angeles Clippers*,47,35,0.573,2,1.75,91.7,1.2,105.3,-0.9,103.6,-2.6,Lost W. Conf. Semis,M. Dunleavy (47-35),E. Brand (14.8)
2004-05,NBA,Los Angeles Clippers,37,45,0.451,3,-0.47,89.1,-1.8,105.5,-0.6,106.4,0.3,,M. Dunleavy (37-45),E. Brand (10.6)
2003-04,NBA,Los Angeles Clippers,28,54,0.341,7,-3.74,91,0.9,103.5,0.6,108.5,5.6,,M. Dunleavy (28-54),E. Brand (9.7)
2002-03,NBA,Los Angeles Clippers,27,55,0.329,7,-3.45,91.3,0.3,102.3,-1.3,106.8,3.2,,A. Gentry (19-39) D. Johnson (8-16),E. Brand (7.6)
2001-02,NBA,Los Angeles Clippers,39,43,0.476,5,-0.09,90.1,-0.6,105.5,1,106,1.5,,A. Gentry (39-43),E. Brand (13.6)
2000-01,NBA,Los Angeles Clippers,31,51,0.378,6,-2.23,89.6,-1.7,101.3,-1.7,104.5,1.5,,A. Gentry (31-51),J. McInnis (6.9)
2016-17,NBA,Los Angeles Lakers,26,56,0.317,4,-6.29,98.5,2.1,106,-2.8,113,4.2,,L. Walton (26-56),L. Williams (4.9)
2015-16,NBA,Los Angeles Lakers,17,65,0.207,5,-8.92,95.6,-0.2,101.6,-4.8,111.6,5.2,,B. Scott (17-65),L. Williams (4.7)
2014-15,NBA,Los Angeles Lakers,21,61,0.256,5,-6.17,94,0.1,103.4,-2.2,110.6,5,,B. Scott (21-61),E. Davis (6.3)
2013-14,NBA,Los Angeles Lakers,27,55,0.329,5,-5.33,98.7,4.8,104.2,-2.5,110.6,3.9,,M. D'Antoni (27-55),J. Meeks (4.5)
2012-13,NBA,Los Angeles Lakers*,45,37,0.549,3,1.48,94.4,2.4,107.8,1.9,106.6,0.7,Lost W. Conf. 1st Rnd.,M. Brown (1-4) B. Bickerstaff (4-1) M. D'Antoni (40-32),K. Bryant (10.9)
2011-12,NBA,Los Angeles Lakers*,41,25,0.621,1,1.96,90.5,-0.8,106,1.4,104.4,-0.2,Lost W. Conf. Semis,M. Brown (41-25),P. Gasol (8.3)
2010-11,NBA,Los Angeles Lakers*,57,25,0.695,1,6.01,90.7,-1.4,111,3.7,104.3,-3,Lost W. Conf. Semis,P. Jackson (57-25),P. Gasol (14.7)
2009-10,NBA,Los Angeles Lakers*,57,25,0.695,1,4.78,92.8,0.1,108.8,1.2,103.7,-3.9,Won Finals,P. Jackson (57-25),P. Gasol (11.0)
2008-09,NBA,Los Angeles Lakers*,65,17,0.793,1,7.11,94.3,2.6,112.8,4.5,104.7,-3.6,Won Finals,P. Jackson (65-17),P. Gasol (13.9)
2007-08,NBA,Los Angeles Lakers*,57,25,0.695,1,7.34,95.6,3.2,113,5.5,105.5,-2,Lost Finals,P. Jackson (57-25),K. Bryant (13.8)
2006-07,NBA,Los Angeles Lakers*,42,40,0.512,2,0.24,93.5,1.6,108.6,2.1,108.6,2.1,Lost W. Conf. 1st Rnd.,P. Jackson (42-40),K. Bryant (13.0)
2005-06,NBA,Los Angeles Lakers*,45,37,0.549,3,2.53,90.9,0.4,108.4,2.2,105.7,-0.5,Lost W. Conf. 1st Rnd.,P. Jackson (45-37),K. Bryant (15.3)
2004-05,NBA,Los Angeles Lakers,34,48,0.415,4,-2.32,90.8,-0.1,108.1,2,111.4,5.3,,R. Tomjanovich (24-19) F. Hamblen (10-29),K. Bryant (8.1)
2003-04,NBA,Los Angeles Lakers*,56,26,0.683,1,4.35,92.3,2.2,105.5,2.6,101.3,-1.6,Lost Finals,P. Jackson (56-26),K. Bryant (10.7)
2002-03,NBA,Los Angeles Lakers*,50,32,0.61,2,2.71,92.5,1.5,107.2,3.6,104.7,1.1,Lost W. Conf. Semis,P. Jackson (50-32),K. Bryant (14.9)
2001-02,NBA,Los Angeles Lakers*,58,24,0.707,2,7.15,92.1,1.4,109.4,4.9,101.7,-2.8,Won Finals,P. Jackson (58-24),S. O'Neal (13.2)
2000-01,NBA,Los Angeles Lakers*,56,26,0.683,1,3.74,91.7,0.4,108.4,5.4,104.8,1.8,Won Finals,P. Jackson (56-26),S. O'Neal (14.9)
2016-17,NBA,Memphis Grizzlies*,43,39,0.524,3,0.96,92.3,-4.1,107.7,-1.1,107.1,-1.7,Lost W. Conf. 1st Rnd.,D. Fizdale (43-39),M. Conley (10.0)
2015-16,NBA,Memphis Grizzlies*,42,40,0.512,3,-2.14,93.3,-2.5,105.4,-1,107.8,1.4,Lost W. Conf. 1st Rnd.,D. Joerger (42-40),M. Conley (5.3)
2014-15,NBA,Memphis Grizzlies*,55,27,0.671,2,3.62,92,-1.9,105.7,0.1,102.2,-3.4,Lost W. Conf. Semis,D. Joerger (55-27),M. Gasol (10.2)
2013-14,NBA,Memphis Grizzlies*,50,32,0.61,3,2.18,89.9,-4,106.3,-0.4,104.6,-2.1,Lost W. Conf. 1st Rnd.,D. Joerger (50-32),M. Conley (8.2)
2012-13,NBA,Memphis Grizzlies*,56,26,0.683,2,4.32,88.4,-3.6,104.9,-1,100.3,-5.6,Lost W. Conf. Finals,L. Hollins (56-26),M. Gasol (11.5)
2011-12,NBA,Memphis Grizzlies*,41,25,0.621,2,2.43,90.8,-0.5,104,-0.6,101.8,-2.8,Lost W. Conf. 1st Rnd.,L. Hollins (41-25),M. Gasol (8.2)
2010-11,NBA,Memphis Grizzlies*,46,36,0.561,4,2.55,91.9,-0.2,107.6,0.3,105.1,-2.2,Lost W. Conf. Semis,L. Hollins (46-36),Z. Randolph (10.5)
2009-10,NBA,Memphis Grizzlies,40,42,0.488,4,-1.39,93.6,0.9,108.3,0.7,109.9,2.3,,L. Hollins (40-42),Z. Randolph (9.7)
2008-09,NBA,Memphis Grizzlies,24,58,0.293,5,-5.23,90.1,-1.6,103.5,-4.8,109.5,1.2,,M. Iavaroni (11-30) J. Davis (0-2) L. Hollins (13-26),M. Gasol (6.4)
2007-08,NBA,Memphis Grizzlies,22,60,0.268,5,-5.76,95.3,2.9,105,-2.5,111.4,3.9,,M. Iavaroni (22-60),M. Miller (5.0)
2006-07,NBA,Memphis Grizzlies,22,60,0.268,5,-4.44,93.6,1.7,106.9,0.4,112.3,5.8,,M. Fratello (6-24) T. Barone (16-36),P. Gasol (6.9)
2005-06,NBA,Memphis Grizzlies*,49,33,0.598,3,3.74,86.3,-4.2,105.9,-0.3,101.6,-4.6,Lost W. Conf. 1st Rnd.,M. Fratello (49-33),P. Gasol (12.0)
2004-05,NBA,Memphis Grizzlies*,45,37,0.549,4,2.64,88.5,-2.4,105.5,-0.6,102.9,-3.2,Lost W. Conf. 1st Rnd.,H. Brown (5-7) L. Hollins (0-4) M. Fratello (40-26),S. Battier (7.8)
2003-04,NBA,Memphis Grizzlies*,50,32,0.61,4,2.95,91.4,1.3,104.8,1.9,102.2,-0.7,Lost W. Conf. 1st Rnd.,H. Brown (50-32),J. Posey (10.0)
2002-03,NBA,Memphis Grizzlies,28,54,0.341,6,-2.6,92.7,1.7,103.9,0.3,107.3,3.7,,S. Lowe (0-8) H. Brown (28-46),P. Gasol (8.5)
2001-02,NBA,Memphis Grizzlies,23,59,0.28,7,-6.74,91.1,0.4,98.2,-6.3,106.3,1.8,,S. Lowe (23-59),P. Gasol (7.6)
2000-01,NBA,Vancouver Grizzlies,23,59,0.28,7,-4.94,91.7,0.4,99.6,-3.4,105.8,2.8,,S. Lowe (23-59),S. Abdur-Rahim (8.5)
2016-17,NBA,Miami Heat,41,41,0.5,3,0.77,95.2,-1.2,107.8,-1,106.7,-2.1,,E. Spoelstra (41-41),H. Whiteside (9.5)
2015-16,NBA,Miami Heat*,48,34,0.585,1,1.5,93.6,-2.2,106.1,-0.3,104.4,-2,Lost E. Conf. Semis,E. Spoelstra (48-34),H. Whiteside (10.3)
2014-15,NBA,Miami Heat,37,45,0.451,3,-2.92,90.9,-3,103.9,-1.7,106.7,1.1,,E. Spoelstra (37-45),L. Deng (5.4)
2013-14,NBA,Miami Heat*,54,28,0.659,1,4.15,91.2,-2.7,110.9,4.2,105.8,-0.9,Lost Finals,E. Spoelstra (54-28),L. James (15.9)
2012-13,NBA,Miami Heat*,66,16,0.805,1,7.03,90.7,-1.3,112.3,6.4,103.7,-2.2,Won Finals,E. Spoelstra (66-16),L. James (19.3)
2011-12,NBA,Miami Heat*,46,20,0.697,1,5.72,91.2,-0.1,106.6,2,100.2,-4.4,Won Finals,E. Spoelstra (46-20),L. James (14.5)
2010-11,NBA,Miami Heat*,58,24,0.707,1,6.76,90.9,-1.2,111.7,4.4,103.5,-3.8,Lost Finals,E. Spoelstra (58-24),L. James (15.6)
2009-10,NBA,Miami Heat*,47,35,0.573,3,1.99,89.6,-3.1,106.6,-1,104.1,-3.5,Lost E. Conf. 1st Rnd.,E. Spoelstra (47-35),D. Wade (13.0)
2008-09,NBA,Miami Heat*,43,39,0.524,3,0.49,89.9,-1.8,107.8,-0.5,107.6,-0.7,Lost E. Conf. 1st Rnd.,E. Spoelstra (43-39),D. Wade (14.7)
2007-08,NBA,Miami Heat,15,67,0.183,5,-8.53,90.2,-2.2,100.5,-7,110,2.5,,P. Riley (15-67),D. Wade (3.3)
2006-07,NBA,Miami Heat*,44,38,0.537,1,-1.21,89.9,-2,104.3,-2.2,105.3,-1.2,Lost E. Conf. 1st Rnd.,P. Riley (44-38),D. Wade (8.8)
2005-06,NBA,Miami Heat*,52,30,0.634,1,3.59,91.6,1.1,108.7,2.5,104.5,-1.7,Won Finals,S. Van Gundy (11-10) P. Riley (41-20),D. Wade (14.4)
2004-05,NBA,Miami Heat*,59,23,0.72,1,5.77,90.8,-0.1,110.2,4.1,103.1,-3,Lost E. Conf. Finals,S. Van Gundy (59-23),D. Wade (11.0)
2003-04,NBA,Miami Heat*,42,40,0.512,2,-0.13,88,-2.1,102.2,-0.7,101.7,-1.2,Lost E. Conf. Semis,S. Van Gundy (42-40),E. Jones (9.1)
2002-03,NBA,Miami Heat,25,57,0.305,7,-5.13,87.8,-3.2,96.7,-6.9,102.4,-1.2,,P. Riley (25-57),B. Grant (7.7)
2001-02,NBA,Miami Heat,36,46,0.439,6,-1.84,87.4,-3.3,98.5,-6,100.2,-4.3,,P. Riley (36-46),E. Jones (10.5)
2000-01,NBA,Miami Heat*,50,32,0.61,2,1.73,87.1,-4.2,101.1,-1.9,98.5,-4.5,Lost E. Conf. 1st Rnd.,P. Riley (50-32),A. Mason (11.6)
2016-17,NBA,Milwaukee Bucks*,42,40,0.512,2,-0.45,94.5,-1.9,109.1,0.3,109.3,0.5,Lost E. Conf. 1st Rnd.,J. Kidd (42-40),G. Antetokounmpo (12.4)
2015-16,NBA,Milwaukee Bucks,33,49,0.402,5,-3.98,94.2,-1.6,104.3,-2.1,108.7,2.3,,J. Kidd (33-49),G. Monroe (7.5)
2014-15,NBA,Milwaukee Bucks*,41,41,0.5,3,-0.09,94.1,0.2,102.7,-2.9,102.2,-3.4,Lost E. Conf. 1st Rnd.,J. Kidd (41-41),K. Middleton (6.7)
2013-14,NBA,Milwaukee Bucks,15,67,0.183,5,-8.41,91.8,-2.1,103,-3.7,111.8,5.1,,L. Drew (15-67),J. Henson (3.3)
2012-13,NBA,Milwaukee Bucks*,38,44,0.463,3,-1.83,94.7,2.7,103.6,-2.3,105.2,-0.7,Lost E. Conf. 1st Rnd.,S. Skiles (16-16) J. Boylan (22-28),E. Ilyasova (6.7)
2011-12,NBA,Milwaukee Bucks,31,35,0.47,3,-0.23,93.7,2.4,105.5,0.9,105.2,0.6,,S. Skiles (31-35),E. Ilyasova (6.4)
2010-11,NBA,Milwaukee Bucks,35,47,0.427,3,-1.02,89.8,-2.3,101.6,-5.7,102.5,-4.8,,S. Skiles (35-47),A. Bogut (5.4)
2009-10,NBA,Milwaukee Bucks*,46,36,0.561,2,1.37,91.7,-1,104.9,-2.7,103.1,-4.5,Lost E. Conf. 1st Rnd.,S. Skiles (46-36),A. Bogut (7.5)
2008-09,NBA,Milwaukee Bucks,34,48,0.415,5,-0.88,92.6,0.9,106.7,-1.6,107.9,-0.4,,S. Skiles (34-48),R. Jefferson (6.6)
2007-08,NBA,Milwaukee Bucks,26,56,0.317,5,-6.92,91.3,-1.1,105.3,-2.2,112.8,5.3,,L. Krystkowiak (26-56),M. Redd (5.8)
2006-07,NBA,Milwaukee Bucks,28,54,0.341,5,-4.43,92.3,0.4,107,0.5,111.7,5.2,,T. Stotts (23-41) L. Krystkowiak (5-13),M. Redd (6.1)
2005-06,NBA,Milwaukee Bucks*,40,42,0.488,5,-1.07,91.2,0.7,106.3,0.1,107.4,1.2,Lost E. Conf. 1st Rnd.,T. Stotts (40-42),M. Redd (10.8)
2004-05,NBA,Milwaukee Bucks,30,52,0.366,5,-3.09,90.8,-0.1,106.6,0.5,109.8,3.7,,T. Porter (30-52),M. Redd (6.2)
2003-04,NBA,Milwaukee Bucks*,41,41,0.5,4,0.42,91.6,1.5,106.5,3.6,105.4,2.5,Lost E. Conf. 1st Rnd.,T. Porter (41-41),M. Redd (9.7)
2002-03,NBA,Milwaukee Bucks*,42,40,0.512,4,-0.24,90.4,-0.6,108.8,5.2,108.6,5,Lost E. Conf. 1st Rnd.,G. Karl (42-40),S. Cassell (9.6)
2001-02,NBA,Milwaukee Bucks,41,41,0.5,5,-0.62,90.2,-0.5,106.9,2.4,107.1,2.6,,G. Karl (41-41),R. Allen (8.9)
2000-01,NBA,Milwaukee Bucks*,52,30,0.634,1,3.14,92.1,0.8,108.8,5.8,104.6,1.6,Lost E. Conf. Finals,G. Karl (52-30),R. Allen (13.7)
2016-17,NBA,Minnesota Timberwolves,31,51,0.378,5,-0.64,94.6,-1.8,110.8,2,112,3.2,,T. Thibodeau (31-51),K. Towns (12.7)
2015-16,NBA,Minnesota Timberwolves,29,53,0.354,5,-3.38,95.2,-0.6,106.5,0.1,110.1,3.7,,S. Mitchell (29-53),K. Towns (8.3)
2014-15,NBA,Minnesota Timberwolves,16,66,0.195,5,-8,94.4,0.5,102.9,-2.7,112.2,6.6,,F. Saunders (16-66),G. Dieng (4.9)
2013-14,NBA,Minnesota Timberwolves,40,42,0.488,3,3.1,97.3,3.4,108.9,2.2,106.2,-0.5,,R. Adelman (40-42),K. Love (14.3)
2012-13,NBA,Minnesota Timberwolves,31,51,0.378,5,-1.83,92.8,0.8,102.9,-3,105.4,-0.5,,R. Adelman (31-51),N. Pekovic (6.7)
2011-12,NBA,Minnesota Timberwolves,26,40,0.394,5,-1.83,93.3,2,104.3,-0.3,106.6,2,,R. Adelman (26-40),K. Love (10.0)
2010-11,NBA,Minnesota Timberwolves,17,65,0.207,5,-5.97,96.5,4.4,104.2,-3.1,111.1,3.8,,K. Rambis (17-65),K. Love (11.4)
2009-10,NBA,Minnesota Timberwolves,15,67,0.183,5,-9.06,96.1,3.4,101.7,-5.9,111.6,4,,K. Rambis (15-67),K. Love (4.9)
2008-09,NBA,Minnesota Timberwolves,24,58,0.293,4,-4.74,91.6,-0.1,106.1,-2.2,111.4,3.1,,R. Wittman (4-15) K. McHale (20-43),K. Love (5.3)
2007-08,NBA,Minnesota Timberwolves,22,60,0.268,4,-6.26,91.9,-0.5,103.8,-3.7,111.2,3.7,,R. Wittman (22-60),A. Jefferson (7.7)
2006-07,NBA,Minnesota Timberwolves,32,50,0.39,4,-3.16,91,-0.9,103.9,-2.6,107.9,1.4,,D. Casey (20-20) R. Wittman (12-30),K. Garnett (10.7)
2005-06,NBA,Minnesota Timberwolves,33,49,0.402,4,-1.75,88.8,-1.7,102.4,-3.8,104.5,-1.7,,D. Casey (33-49),K. Garnett (14.9)
2004-05,NBA,Minnesota Timberwolves,44,38,0.537,3,1.73,89.1,-1.8,108.2,2.1,106.6,0.5,,F. Saunders (25-26) K. McHale (19-12),K. Garnett (16.1)
2003-04,NBA,Minnesota Timberwolves*,58,24,0.707,1,5.86,89,-1.1,105.9,3,99.7,-3.2,Lost W. Conf. Finals,F. Saunders (58-24),K. Garnett (18.3)
2002-03,NBA,Minnesota Timberwolves*,51,31,0.622,3,2.46,91.9,0.9,106.1,2.5,103.8,0.2,Lost W. Conf. 1st Rnd.,F. Saunders (51-31),K. Garnett (15.6)
2001-02,NBA,Minnesota Timberwolves*,50,32,0.61,3,3.58,90.5,-0.2,109,4.5,105.3,0.8,Lost W. Conf. 1st Rnd.,F. Saunders (50-32),K. Garnett (12.8)
2000-01,NBA,Minnesota Timberwolves*,47,35,0.573,4,1.81,91.8,0.5,105.2,2.2,103.7,0.7,Lost W. Conf. 1st Rnd.,F. Saunders (47-35),K. Garnett (11.8)
2016-17,NBA,New Orleans Pelicans,34,48,0.415,4,-1.69,98,1.6,105.2,-3.6,107.4,-1.4,,A. Gentry (34-48),A. Davis (11.0)
2015-16,NBA,New Orleans Pelicans,30,52,0.366,5,-3.56,96.8,1,105.6,-0.8,109.5,3.1,,A. Gentry (30-52),A. Davis (7.2)
2014-15,NBA,New Orleans Pelicans*,45,37,0.549,5,1.13,91.4,-2.5,108.2,2.6,107.3,1.7,Lost W. Conf. 1st Rnd.,M. Williams (45-37),A. Davis (14.0)
2013-14,NBA,New Orleans Pelicans,34,48,0.415,5,-1.98,92.2,-1.7,107.2,0.5,110.1,3.4,,M. Williams (34-48),A. Davis (10.4)
2012-13,NBA,New Orleans Hornets,27,55,0.329,5,-3.12,88.5,-3.5,105.7,-0.2,110.1,4.2,,M. Williams (27-55),R. Anderson (6.5)
2011-12,NBA,New Orleans Hornets,21,45,0.318,5,-3.11,88.3,-3,100.9,-3.7,105.1,0.5,,M. Williams (21-45),J. Jack (3.8)
2010-11,NBA,New Orleans Hornets*,46,36,0.561,3,1.28,88.7,-3.4,106.2,-1.1,105.2,-2.1,Lost W. Conf. 1st Rnd.,M. Williams (46-36),C. Paul (13.9)
2009-10,NBA,New Orleans Hornets,37,45,0.451,5,-2.27,92.6,-0.1,107.4,-0.2,110.1,2.5,,B. Scott (3-6) J. Bower (34-39),D. West (7.5)
2008-09,NBA,New Orleans Hornets*,49,33,0.598,4,1.41,87.8,-3.9,108.7,0.4,107,-1.3,Lost W. Conf. 1st Rnd.,B. Scott (49-33),C. Paul (18.3)
2007-08,NBA,New Orleans Hornets*,56,26,0.683,1,5.46,89.9,-2.5,111.5,4,105.7,-1.8,Lost W. Conf. Semis,B. Scott (56-26),C. Paul (17.8)
2006-07,NBA,New Orleans/Oklahoma City Hornets,39,43,0.476,4,-1.19,90.2,-1.7,104.8,-1.7,106.5,0,,B. Scott (39-43),C. Paul (8.8)
2005-06,NBA,New Orleans/Oklahoma City Hornets,38,44,0.463,4,-2.51,89,-1.5,103.7,-2.5,106.8,0.6,,B. Scott (38-44),C. Paul (10.4)
2004-05,NBA,New Orleans Hornets,18,64,0.22,5,-6.3,87.6,-3.3,99.7,-6.4,107.7,1.6,,B. Scott (18-64),P. Brown (6.9)
2003-04,NBA,New Orleans Hornets*,41,41,0.5,3,-0.72,89.1,-1,102.3,-0.6,102.4,-0.5,Lost E. Conf. 1st Rnd.,T. Floyd (41-41),P. Brown (8.1)
2002-03,NBA,New Orleans Hornets*,47,35,0.573,3,1.52,89.4,-1.6,103.9,0.3,101.6,-2,Lost E. Conf. 1st Rnd.,P. Silas (47-35),P. Brown (10.2)
2016-17,NBA,New York Knicks,31,51,0.378,3,-3.87,96,-0.4,107.7,-1.1,111.5,2.7,,J. Hornacek (31-51),C. Anthony (4.7)
2015-16,NBA,New York Knicks,32,50,0.39,3,-2.74,93.4,-2.4,104.6,-1.8,107.6,1.2,,D. Fisher (23-31) K. Rambis (9-19),C. Anthony (6.4)
2014-15,NBA,New York Knicks,17,65,0.207,5,-9.5,91.2,-2.7,99.9,-5.7,110,4.4,,D. Fisher (17-65),C. Anthony (2.9)
2013-14,NBA,New York Knicks,37,45,0.451,3,-1.4,90.3,-3.6,108.3,1.6,109.1,2.4,,M. Woodson (37-45),C. Anthony (10.7)
2012-13,NBA,New York Knicks*,54,28,0.659,1,3.73,89.8,-2.2,111.1,5.2,106.3,0.4,Lost E. Conf. Semis,M. Woodson (54-28),C. Anthony (9.5)
2011-12,NBA,New York Knicks*,36,30,0.545,2,2.39,93.2,1.9,104.4,-0.2,101,-3.6,Lost E. Conf. 1st Rnd.,M. D'Antoni (18-24) M. Woodson (18-6),T. Chandler (9.5)
2010-11,NBA,New York Knicks*,42,40,0.512,2,0.48,95.6,3.5,110.9,3.6,110.1,2.8,Lost E. Conf. 1st Rnd.,M. D'Antoni (42-40),A. Stoudemire (8.0)
2009-10,NBA,New York Knicks,29,53,0.354,3,-4.01,94,1.3,107.6,0,111.6,4,,M. D'Antoni (29-53),D. Lee (10.3)
2008-09,NBA,New York Knicks,32,50,0.39,5,-2.33,96.7,5,108.1,-0.2,110.8,2.5,,M. D'Antoni (32-50),D. Lee (9.0)
2007-08,NBA,New York Knicks,23,59,0.28,5,-6.55,91.6,-0.8,104.7,-2.8,111.9,4.4,,I. Thomas (23-59),D. Lee (7.4)
2006-07,NBA,New York Knicks,33,49,0.402,4,-3.06,90.8,-1.1,105.7,-0.8,108.8,2.3,,I. Thomas (33-49),D. Lee (6.9)
2005-06,NBA,New York Knicks,23,59,0.28,5,-6.3,90.8,0.3,104,-2.2,111,4.8,,L. Brown (23-59),J. Crawford (4.5)
2004-05,NBA,New York Knicks,33,49,0.402,5,-2.72,90.7,-0.2,106.2,0.1,108.9,2.8,,L. Wilkens (17-22) H. Williams (16-27),S. Marbury (11.7)
2003-04,NBA,New York Knicks*,39,43,0.476,3,-1.97,89.5,-0.6,101.7,-1.2,103.3,0.4,Lost E. Conf. 1st Rnd.,D. Chaney (15-24) H. Williams (1-0) L. Wilkens (23-19),S. Marbury (5.5)
2002-03,NBA,New York Knicks,37,45,0.451,6,-1.61,90.7,-0.3,104.7,1.1,106.2,2.6,,D. Chaney (37-45),A. Houston (7.2)
2001-02,NBA,New York Knicks,30,52,0.366,7,-4.15,89.7,-1,101.5,-3,105.9,1.4,,J. Van Gundy (10-9) D. Chaney (20-43),K. Thomas (6.5)
2000-01,NBA,New York Knicks*,48,34,0.585,3,1.98,86.7,-4.6,101.2,-1.8,98.2,-4.8,Lost E. Conf. 1st Rnd.,J. Van Gundy (48-34),M. Camby (10.3)
2016-17,NBA,Oklahoma City Thunder*,47,35,0.573,2,1.14,97.8,1.4,108.3,-0.5,107.5,-1.3,Lost W. Conf. 1st Rnd.,B. Donovan (47-35),R. Westbrook (13.1)
2015-16,NBA,Oklahoma City Thunder*,55,27,0.671,1,7.09,96.7,0.9,113.1,6.7,105.6,-0.8,Lost W. Conf. Finals,B. Donovan (55-27),K. Durant (14.5)
2014-15,NBA,Oklahoma City Thunder,45,37,0.549,2,2.47,95.7,1.8,107.8,2.2,105.5,-0.1,,S. Brooks (45-37),R. Westbrook (10.6)
2013-14,NBA,Oklahoma City Thunder*,59,23,0.72,1,6.66,95.4,1.5,110.5,3.8,103.9,-2.8,Lost W. Conf. Finals,S. Brooks (59-23),K. Durant (19.2)
2012-13,NBA,Oklahoma City Thunder*,60,22,0.732,1,9.15,93.3,1.3,112.4,6.5,102.6,-3.3,Lost W. Conf. Semis,S. Brooks (60-22),K. Durant (18.9)
2011-12,NBA,Oklahoma City Thunder*,47,19,0.712,1,6.44,93,1.7,109.8,5.2,103.2,-1.4,Lost Finals,S. Brooks (47-19),K. Durant (12.2)
2010-11,NBA,Oklahoma City Thunder*,55,27,0.671,1,3.81,92.7,0.6,111.2,3.9,107.2,-0.1,Lost W. Conf. Finals,S. Brooks (55-27),K. Durant (12.0)
2009-10,NBA,Oklahoma City Thunder*,50,32,0.61,4,3.55,93.1,0.4,108.3,0.7,104.6,-3,Lost W. Conf. 1st Rnd.,S. Brooks (50-32),K. Durant (16.1)
2008-09,NBA,Oklahoma City Thunder,23,59,0.28,5,-6.04,93.6,1.9,102.9,-5.4,109.4,1.1,,P. Carlesimo (1-12) S. Brooks (22-47),K. Durant (7.9)
2007-08,NBA,Seattle SuperSonics,20,62,0.244,5,-8.04,96.3,3.9,100.5,-7,109.5,2,,P. Carlesimo (20-62),N. Collison (4.5)
2006-07,NBA,Seattle SuperSonics,31,51,0.378,5,-2.45,91.8,-0.1,107.2,0.7,110.3,3.8,,B. Hill (31-51),R. Lewis (7.6)
2005-06,NBA,Seattle SuperSonics,35,47,0.427,3,-2.88,91.6,1.1,111.1,4.9,114.4,8.2,,B. Weiss (13-17) B. Hill (22-30),R. Allen (9.5)
2004-05,NBA,Seattle SuperSonics*,52,30,0.634,1,2.59,87.9,-3,112.2,6.1,109.6,3.5,Lost W. Conf. Semis,N. McMillan (52-30),R. Allen (10.7)
2003-04,NBA,Seattle SuperSonics,37,45,0.451,5,0.02,89.9,-0.2,107.3,4.4,108,5.1,,N. McMillan (37-45),R. Allen (6.9)
2002-03,NBA,Seattle SuperSonics,40,42,0.488,5,0.37,88,-3,103.7,0.1,103.9,0.3,,N. McMillan (40-42),R. Lewis (7.8)
2001-02,NBA,Seattle SuperSonics*,45,37,0.549,4,3.24,89,-1.7,108.9,4.4,105.6,1.1,Lost W. Conf. 1st Rnd.,N. McMillan (45-37),G. Payton (12.6)
2000-01,NBA,Seattle SuperSonics,44,38,0.537,5,0.55,91.6,0.3,105.6,2.6,105.6,2.6,,P. Westphal (6-9) N. McMillan (38-29),G. Payton (10.8)
2016-17,NBA,Orlando Magic,29,53,0.354,5,-6.61,96.8,0.4,103.7,-5.1,110.5,1.7,,F. Vogel (29-53),E. Payton (4.4)
2015-16,NBA,Orlando Magic,35,47,0.427,5,-1.68,96,0.2,105.1,-1.3,106.8,0.4,,S. Skiles (35-47),E. Fournier (5.7)
2014-15,NBA,Orlando Magic,25,57,0.305,5,-5.87,93.8,-0.1,101.6,-4,107.7,2.1,,J. Vaughn (15-37) J. Borrego (10-20),N. Vucevic (7.0)
2013-14,NBA,Orlando Magic,23,59,0.28,5,-5.88,93.6,-0.3,101.7,-5,107.4,0.7,,J. Vaughn (23-59),A. Afflalo (5.3)
2012-13,NBA,Orlando Magic,20,62,0.244,5,-7.12,92.2,0.2,101.6,-4.3,109.1,3.2,,J. Vaughn (20-62),N. Vucevic (5.7)
2011-12,NBA,Orlando Magic*,37,29,0.561,3,0.46,89,-2.3,105,0.4,104.1,-0.5,Lost E. Conf. 1st Rnd.,S. Van Gundy (37-29),R. Anderson (8.9)
2010-11,NBA,Orlando Magic*,52,30,0.634,2,4.92,91.2,-0.9,107.9,0.6,102,-5.3,Lost E. Conf. 1st Rnd.,S. Van Gundy (52-30),D. Howard (14.4)
2009-10,NBA,Orlando Magic*,59,23,0.72,1,7.12,92,-0.7,111.4,3.8,103.3,-4.3,Lost E. Conf. Finals,S. Van Gundy (59-23),D. Howard (13.2)
2008-09,NBA,Orlando Magic*,59,23,0.72,1,6.48,92.3,0.6,109.2,0.9,101.9,-6.4,Lost Finals,S. Van Gundy (59-23),D. Howard (13.8)
2007-08,NBA,Orlando Magic*,52,30,0.634,1,4.79,93.4,1,111.3,3.8,105.5,-2,Lost E. Conf. Semis,S. Van Gundy (52-30),D. Howard (12.9)
2006-07,NBA,Orlando Magic*,40,42,0.488,3,0.35,89.9,-2,104.9,-1.6,104.1,-2.4,Lost E. Conf. 1st Rnd.,B. Hill (40-42),D. Howard (9.7)
2005-06,NBA,Orlando Magic,36,46,0.439,3,-1.26,88.3,-2.2,106.3,0.1,107.5,1.3,,B. Hill (36-46),D. Howard (8.6)
2004-05,NBA,Orlando Magic,36,46,0.439,3,-2.52,94.7,3.8,104.9,-1.2,107.3,1.2,,J. Davis (31-33) C. Jent (5-13),D. Howard (7.3)
2003-04,NBA,Orlando Magic,21,61,0.256,7,-7.25,90.8,0.7,102.7,-0.2,110.4,7.5,,D. Rivers (1-10) J. Davis (20-51),T. McGrady (8.4)
2002-03,NBA,Orlando Magic*,42,40,0.512,4,-0.39,93.1,2.1,105.2,1.6,105,1.4,Lost E. Conf. 1st Rnd.,D. Rivers (42-40),T. McGrady (16.1)
2001-02,NBA,Orlando Magic*,44,38,0.537,3,1.25,93.2,2.5,107,2.5,105.3,0.8,Lost E. Conf. 1st Rnd.,D. Rivers (44-38),T. McGrady (11.5)
2000-01,NBA,Orlando Magic*,43,39,0.524,4,0.39,93.2,1.9,103.2,0.2,102.1,-0.9,Lost E. Conf. 1st Rnd.,D. Rivers (43-39),T. McGrady (12.2)
2016-17,NBA,Philadelphia 76ers,28,54,0.341,4,-5.83,98.5,2.1,103.2,-5.6,108.9,0.1,,B. Brown (28-54),T. McConnell (3.8)
2015-16,NBA,Philadelphia 76ers,10,72,0.122,5,-9.92,97.9,2.1,98.8,-7.6,109.2,2.8,,B. Brown (10-72),N. Noel (3.0)
2014-15,NBA,Philadelphia 76ers,18,64,0.22,4,-9.04,95.7,1.8,95.5,-10.1,104.8,-0.8,,B. Brown (18-64),N. Noel (4.0)
2013-14,NBA,Philadelphia 76ers,19,63,0.232,5,-10.66,99.2,5.3,99.4,-7.3,109.9,3.2,,B. Brown (19-63),T. Young (3.5)
2012-13,NBA,Philadelphia 76ers,34,48,0.415,4,-3.51,91,-1,102,-3.9,105.7,-0.2,,D. Collins (34-48),T. Young (7.4)
2011-12,NBA,Philadelphia 76ers*,35,31,0.53,3,3.59,89.7,-1.6,103.9,-0.7,99.2,-5.4,Lost E. Conf. Semis,D. Collins (35-31),A. Iguodala (7.3)
2010-11,NBA,Philadelphia 76ers*,41,41,0.5,3,1.01,91.7,-0.4,106.6,-0.7,105,-2.3,Lost E. Conf. 1st Rnd.,D. Collins (41-41),E. Brand (9.4)
2009-10,NBA,Philadelphia 76ers,27,55,0.329,4,-3.93,91.6,-1.1,106.1,-1.5,110.3,2.7,,E. Jordan (27-55),A. Iguodala (6.7)
2008-09,NBA,Philadelphia 76ers*,41,41,0.5,2,0.16,90,-1.7,107.9,-0.4,107.8,-0.5,Lost E. Conf. 1st Rnd.,M. Cheeks (9-14) T. DiLeo (32-27),A. Iguodala (9.2)
2007-08,NBA,Philadelphia 76ers*,40,42,0.488,3,0.19,90.4,-2,106.4,-1.1,106,-1.5,Lost E. Conf. 1st Rnd.,M. Cheeks (40-42),A. Iguodala (9.6)
2006-07,NBA,Philadelphia 76ers,35,47,0.427,3,-3.26,90.7,-1.2,103.6,-2.9,106.9,0.4,,M. Cheeks (35-47),A. Iguodala (7.7)
2005-06,NBA,Philadelphia 76ers,38,44,0.463,2,-2.1,92.7,2.2,106,-0.2,108.1,1.9,,M. Cheeks (38-44),A. Iverson (10.6)
2004-05,NBA,Philadelphia 76ers*,43,39,0.524,2,-1.07,94.9,4,103.5,-2.6,104.3,-1.8,Lost E. Conf. 1st Rnd.,J. O'Brien (43-39),A. Iverson (9.0)
2003-04,NBA,Philadelphia 76ers,33,49,0.402,5,-2.95,88,-2.1,99.1,-3.8,101.9,-1,,R. Ayers (21-31) C. Ford (12-18),S. Dalembert (6.9)
2002-03,NBA,Philadelphia 76ers*,48,34,0.585,2,1.76,91.4,0.4,105,1.4,102.5,-1.1,Lost E. Conf. Semis,L. Brown (48-34),A. Iverson (9.2)
2001-02,NBA,Philadelphia 76ers*,43,39,0.524,4,1.27,88.9,-1.8,102.1,-2.4,100.3,-4.2,Lost E. Conf. 1st Rnd.,L. Brown (43-39),D. Mutombo (9.6)
2000-01,NBA,Philadelphia 76ers*,56,26,0.683,1,3.64,90.6,-0.7,103.6,0.6,98.9,-4.1,Lost Finals,L. Brown (56-26),A. Iverson (11.8)
2016-17,NBA,Phoenix Suns,24,58,0.293,5,-5.14,100.3,3.9,106.6,-2.2,112.2,3.4,,E. Watson (24-58),E. Bledsoe (5.3)
2015-16,NBA,Phoenix Suns,23,59,0.28,4,-6.32,98.5,2.7,102.2,-4.2,109,2.6,,J. Hornacek (14-35) E. Watson (9-24),M. Teletovic (3.8)
2014-15,NBA,Phoenix Suns,39,43,0.476,3,-0.38,96.3,2.4,105.3,-0.3,106.2,0.6,,J. Hornacek (39-43),E. Bledsoe (7.0)
2013-14,NBA,Phoenix Suns,48,34,0.585,3,3.02,95.8,1.9,109.5,2.8,106.7,0,,J. Hornacek (48-34),G. Dragic (10.3)
2012-13,NBA,Phoenix Suns,25,57,0.305,5,-5.75,93.4,1.4,101.2,-4.7,108.1,2.2,,A. Gentry (13-28) L. Hunter (12-29),G. Dragic (5.7)
2011-12,NBA,Phoenix Suns,33,33,0.5,3,0.29,92.6,1.3,106.2,1.6,106.5,1.9,,A. Gentry (33-33),M. Gortat (7.6)
2010-11,NBA,Phoenix Suns,40,42,0.488,2,-0.46,94.4,2.3,109.5,2.2,110.4,3.1,,A. Gentry (40-42),S. Nash (7.9)
2009-10,NBA,Phoenix Suns*,54,28,0.659,2,4.67,95.3,2.6,115.3,7.7,110.2,2.6,Lost W. Conf. Finals,A. Gentry (54-28),A. Stoudemire (10.7)
2008-09,NBA,Phoenix Suns,46,36,0.561,2,1.62,96,4.3,113.6,5.3,111.6,3.3,,T. Porter (28-23) A. Gentry (18-13),S. O'Neal (7.8)
2007-08,NBA,Phoenix Suns*,55,27,0.671,2,5.14,96.7,4.3,113.3,5.8,108.1,0.6,Lost W. Conf. 1st Rnd.,M. D'Antoni (55-27),A. Stoudemire (14.6)
2006-07,NBA,Phoenix Suns*,61,21,0.744,1,7.28,95.6,3.7,113.9,7.4,106.4,-0.1,Lost W. Conf. Semis,M. D'Antoni (61-21),S. Nash (12.6)
2005-06,NBA,Phoenix Suns*,54,28,0.659,1,5.48,95.8,5.3,111.5,5.3,105.8,-0.4,Lost W. Conf. Finals,M. D'Antoni (54-28),S. Marion (14.6)
2004-05,NBA,Phoenix Suns*,62,20,0.756,1,7.08,95.9,5,114.5,8.4,107.1,1,Lost W. Conf. Finals,M. D'Antoni (62-20),A. Stoudemire (14.6)
2003-04,NBA,Phoenix Suns,29,53,0.354,6,-2.94,92.6,2.5,101.4,-1.5,105.5,2.6,,F. Johnson (8-13) M. D'Antoni (21-40),S. Marion (9.1)
2002-03,NBA,Phoenix Suns*,44,38,0.537,4,1.57,91.5,0.5,103.7,0.1,102.5,-1.1,Lost W. Conf. 1st Rnd.,F. Johnson (44-38),S. Marion (13.0)
2001-02,NBA,Phoenix Suns,36,46,0.439,6,-0.3,91.4,0.7,103.3,-1.2,104,-0.5,,S. Skiles (25-26) F. Johnson (11-20),S. Marion (9.8)
2000-01,NBA,Phoenix Suns*,51,31,0.622,3,2.63,93.1,1.8,100.3,-2.7,98,-5,Lost W. Conf. 1st Rnd.,S. Skiles (51-31),S. Marion (11.7)
2016-17,NBA,Portland Trail Blazers*,41,41,0.5,3,-0.23,96.7,0.3,110.3,1.5,110.8,2,Lost W. Conf. 1st Rnd.,T. Stotts (41-41),D. Lillard (10.4)
2015-16,NBA,Portland Trail Blazers*,44,38,0.537,2,0.98,96,0.2,108.8,2.4,108,1.6,Lost W. Conf. Semis,T. Stotts (44-38),D. Lillard (9.2)
2014-15,NBA,Portland Trail Blazers*,51,31,0.622,1,4.41,94.2,0.3,108.2,2.6,103.7,-1.9,Lost W. Conf. 1st Rnd.,T. Stotts (51-31),D. Lillard (10.6)
2013-14,NBA,Portland Trail Blazers*,54,28,0.659,2,4.44,94.9,1,111.5,4.8,107.4,0.7,Lost W. Conf. Semis,T. Stotts (54-28),D. Lillard (9.6)
2012-13,NBA,Portland Trail Blazers,33,49,0.402,4,-2.53,91.4,-0.6,105.8,-0.1,109.2,3.3,,T. Stotts (33-49),L. Aldridge (7.2)
2011-12,NBA,Portland Trail Blazers,28,38,0.424,4,-0.22,91.2,-0.1,105.7,1.1,106.4,1.8,,N. McMillan (20-23) K. Canales (8-15),L. Aldridge (7.0)
2010-11,NBA,Portland Trail Blazers*,48,34,0.585,3,1.85,87.9,-4.2,108.8,1.5,107.1,-0.2,Lost W. Conf. 1st Rnd.,N. McMillan (48-34),L. Aldridge (11.1)
2009-10,NBA,Portland Trail Blazers*,50,32,0.61,3,3.18,87.7,-5,110.8,3.2,107.1,-0.5,Lost W. Conf. 1st Rnd.,N. McMillan (50-32),B. Roy (9.1)
2008-09,NBA,Portland Trail Blazers*,54,28,0.659,2,5,86.6,-5.1,113.9,5.6,107.8,-0.5,Lost W. Conf. 1st Rnd.,N. McMillan (54-28),B. Roy (13.5)
2007-08,NBA,Portland Trail Blazers,41,41,0.5,3,-0.52,87.9,-4.5,107.3,-0.2,108.4,0.9,,N. McMillan (41-41),B. Roy (8.0)
2006-07,NBA,Portland Trail Blazers,32,50,0.39,3,-3.78,88.3,-3.6,105.1,-1.4,109.9,3.4,,N. McMillan (32-50),Z. Randolph (5.7)
2005-06,NBA,Portland Trail Blazers,21,61,0.256,5,-8.91,87.6,-2.9,101.1,-5.1,111.9,5.7,,N. McMillan (21-61),S. Blake (2.8)
2004-05,NBA,Portland Trail Blazers,27,55,0.329,4,-3.45,89.8,-1.1,103.2,-2.9,107.7,1.6,,M. Cheeks (22-33) K. Pritchard (5-22),D. Stoudamire (5.7)
2003-04,NBA,Portland Trail Blazers,41,41,0.5,3,-0.58,86.2,-3.9,103.7,0.8,105.1,2.2,,M. Cheeks (41-41),Z. Randolph (7.1)
2002-03,NBA,Portland Trail Blazers*,50,32,0.61,3,2.97,89.4,-1.6,105.5,1.9,102.6,-1,Lost W. Conf. 1st Rnd.,M. Cheeks (50-32),R. Wallace (8.5)
2001-02,NBA,Portland Trail Blazers*,49,33,0.598,3,3.21,89.3,-1.4,107.4,2.9,104,-0.5,Lost W. Conf. 1st Rnd.,M. Cheeks (49-33),R. Wallace (9.7)
2000-01,NBA,Portland Trail Blazers*,50,32,0.61,4,4.52,89.1,-2.2,106.5,3.5,101.8,-1.2,Lost W. Conf. 1st Rnd.,M. Dunleavy (50-32),R. Wallace (11.0)
2016-17,NBA,Sacramento Kings,32,50,0.39,3,-3.29,94.9,-1.5,107.3,-1.5,111.3,2.5,,D. Joerger (32-50),D. Cousins (6.0)
2015-16,NBA,Sacramento Kings,33,49,0.402,3,-2.32,100,4.2,106,-0.4,108.4,2,,G. Karl (33-49),D. Cousins (5.7)
2014-15,NBA,Sacramento Kings,29,53,0.354,4,-3.07,95.4,1.5,105.3,-0.3,109.2,3.6,,M. Malone (11-13) T. Corbin (7-21) G. Karl (11-19),R. Gay (6.1)
2013-14,NBA,Sacramento Kings,28,54,0.341,4,-2.08,94.4,0.5,105.7,-1,108.8,2.1,,M. Malone (28-54),D. Cousins (7.9)
2012-13,NBA,Sacramento Kings,28,54,0.341,4,-4.26,93.6,1.6,106.2,0.3,111.4,5.5,,K. Smart (28-54),I. Thomas (5.0)
2011-12,NBA,Sacramento Kings,22,44,0.333,5,-4.95,94.7,3.4,103.8,-0.8,109.8,5.2,,P. Westphal (2-5) K. Smart (20-39),I. Thomas (4.3)
2010-11,NBA,Sacramento Kings,24,58,0.293,5,-4.8,95.2,3.1,103.5,-3.8,109,1.7,,P. Westphal (24-58),B. Udrih (7.2)
2009-10,NBA,Sacramento Kings,25,57,0.305,5,-4.06,94,1.3,105.3,-2.3,109.9,2.3,,P. Westphal (25-57),B. Udrih (5.5)
2008-09,NBA,Sacramento Kings,17,65,0.207,5,-8.6,94.2,2.5,105.5,-2.8,114.7,6.4,,R. Theus (6-18) K. Natt (11-47),K. Martin (4.7)
2007-08,NBA,Sacramento Kings,38,44,0.463,4,-1.86,94.7,2.3,107.5,0,109.9,2.4,,R. Theus (38-44),K. Martin (8.4)
2006-07,NBA,Sacramento Kings,33,49,0.402,5,-1.35,94.8,2.9,106.2,-0.3,108,1.5,,E. Musselman (33-49),K. Martin (10.2)
2005-06,NBA,Sacramento Kings*,44,38,0.537,4,1.61,91.9,1.4,106.7,0.5,105,-1.2,Lost W. Conf. 1st Rnd.,R. Adelman (44-38),B. Miller (9.1)
2004-05,NBA,Sacramento Kings*,50,32,0.61,2,2.56,93,2.1,110.5,4.4,108.2,2.1,Lost W. Conf. 1st Rnd.,R. Adelman (50-32),B. Miller (8.6)
2003-04,NBA,Sacramento Kings*,55,27,0.671,2,5.41,92.8,2.7,110.3,7.4,104.9,2,Lost W. Conf. Semis,R. Adelman (55-27),P. Stojakovic (13.5)
2002-03,NBA,Sacramento Kings*,59,23,0.72,1,6.68,95.4,4.4,105.9,2.3,99.1,-4.5,Lost W. Conf. Semis,R. Adelman (59-23),P. Stojakovic (10.1)
2001-02,NBA,Sacramento Kings*,61,21,0.744,1,7.61,95.6,4.9,109,4.5,101.1,-3.4,Lost W. Conf. Finals,R. Adelman (61-21),P. Stojakovic (9.9)
2000-01,NBA,Sacramento Kings*,55,27,0.671,2,6.07,94.4,3.1,105.6,2.6,99.6,-3.4,Lost W. Conf. Semis,R. Adelman (55-27),C. Webber (11.0)
2016-17,NBA,San Antonio Spurs*,61,21,0.744,1,7.13,94.2,-2.2,111.1,2.3,103.5,-5.3,Lost W. Conf. Finals,G. Popovich (61-21),K. Leonard (13.6)
2015-16,NBA,San Antonio Spurs*,67,15,0.817,1,10.28,93.8,-2,110.3,3.9,99,-7.4,Lost W. Conf. Semis,G. Popovich (67-15),K. Leonard (13.7)
2014-15,NBA,San Antonio Spurs*,55,27,0.671,2,6.34,93.8,-0.1,108.5,2.9,102,-3.6,Lost W. Conf. 1st Rnd.,G. Popovich (55-27),T. Duncan (9.6)
2013-14,NBA,San Antonio Spurs*,62,20,0.756,1,8,95,1.1,110.5,3.8,102.4,-4.3,Won Finals,G. Popovich (62-20),K. Leonard (7.7)
2012-13,NBA,San Antonio Spurs*,58,24,0.707,1,6.67,94.2,2.2,108.3,2.4,101.6,-4.3,Lost Finals,G. Popovich (58-24),T. Parker (9.3)
2011-12,NBA,San Antonio Spurs*,50,16,0.758,1,7.28,92.9,1.6,110.9,6.3,103.2,-1.4,Lost W. Conf. Finals,G. Popovich (50-16),T. Parker (7.1)
2010-11,NBA,San Antonio Spurs*,61,21,0.744,1,5.86,92.3,0.2,111.8,4.5,105.6,-1.7,Lost W. Conf. 1st Rnd.,G. Popovich (61-21),M. Ginobili (9.9)
2009-10,NBA,San Antonio Spurs*,50,32,0.61,2,5.07,91.7,-1,110,2.4,104.5,-3.1,Lost W. Conf. Semis,G. Popovich (50-32),T. Duncan (10.9)
2008-09,NBA,San Antonio Spurs*,54,28,0.659,1,3.36,88.4,-3.3,108.5,0.2,104.3,-4,Lost W. Conf. 1st Rnd.,G. Popovich (54-28),T. Duncan (10.1)
2007-08,NBA,San Antonio Spurs*,56,26,0.683,2,5.1,88.8,-3.6,107.2,-0.3,101.8,-5.7,Lost W. Conf. Finals,G. Popovich (56-26),M. Ginobili (11.1)
2006-07,NBA,San Antonio Spurs*,58,24,0.707,2,8.35,89.8,-2.1,109.2,2.7,99.9,-6.6,Won Finals,G. Popovich (58-24),T. Duncan (13.0)
2005-06,NBA,San Antonio Spurs*,63,19,0.768,1,6.69,88.5,-2,107.3,1.1,99.6,-6.6,Lost W. Conf. Semis,G. Popovich (63-19),T. Duncan (10.8)
2004-05,NBA,San Antonio Spurs*,59,23,0.72,1,7.84,88.9,-2,107.5,1.4,98.8,-7.3,Won Finals,G. Popovich (59-23),T. Duncan (11.2)
2003-04,NBA,San Antonio Spurs*,57,25,0.695,2,7.51,89.2,-0.9,102.2,-0.7,94.1,-8.8,Lost W. Conf. Semis,G. Popovich (57-25),T. Duncan (13.1)
2002-03,NBA,San Antonio Spurs*,60,22,0.732,1,5.65,90,-1,105.6,2,99.7,-3.9,Won Finals,G. Popovich (60-22),T. Duncan (16.5)
2001-02,NBA,San Antonio Spurs*,58,24,0.707,1,6.28,90,-0.7,106.5,2,99.7,-4.8,Lost W. Conf. Semis,G. Popovich (58-24),T. Duncan (17.8)
2000-01,NBA,San Antonio Spurs*,58,24,0.707,1,7.92,89.6,-1.7,106.6,3.6,98,-5,Lost W. Conf. Finals,G. Popovich (58-24),T. Duncan (13.2)
2016-17,NBA,Toronto Raptors*,51,31,0.622,2,3.65,94.7,-1.7,112.3,3.5,107.8,-1,Lost E. Conf. Semis,D. Casey (51-31),K. Lowry (10.1)
2015-16,NBA,Toronto Raptors*,56,26,0.683,1,4.08,92.9,-2.9,110,3.6,105.2,-1.2,Lost E. Conf. Finals,D. Casey (56-26),K. Lowry (11.6)
2014-15,NBA,Toronto Raptors*,49,33,0.598,1,2.45,92.8,-1.1,111,5.4,107.7,2.1,Lost E. Conf. 1st Rnd.,D. Casey (49-33),J. Valanciunas (8.2)
2013-14,NBA,Toronto Raptors*,48,34,0.585,1,2.55,91.8,-2.1,108.8,2.1,105.3,-1.4,Lost E. Conf. 1st Rnd.,D. Casey (48-34),K. Lowry (11.7)
2012-13,NBA,Toronto Raptors,34,48,0.415,5,-1.96,90.4,-1.6,105.9,0,107.5,1.6,,D. Casey (34-48),A. Johnson (7.3)
2011-12,NBA,Toronto Raptors,23,43,0.348,4,-3.67,89.3,-2,100.8,-3.8,104.5,-0.1,,D. Casey (23-43),J. Calderon (5.1)
2010-11,NBA,Toronto Raptors,22,60,0.268,5,-6.28,92.9,0.8,106.1,-1.2,112.9,5.6,,J. Triano (22-60),A. Johnson (5.6)
2009-10,NBA,Toronto Raptors,40,42,0.488,2,-1.83,93.1,0.4,111.3,3.7,113.2,5.6,,J. Triano (40-42),C. Bosh (9.6)
2008-09,NBA,Toronto Raptors,33,49,0.402,4,-2.54,92,0.3,107,-1.3,110,1.7,,S. Mitchell (8-9) J. Triano (25-40),C. Bosh (9.7)
2007-08,NBA,Toronto Raptors*,41,41,0.5,2,2.47,90.2,-2.2,110.2,2.7,107,-0.5,Lost E. Conf. 1st Rnd.,S. Mitchell (41-41),J. Calderon (10.2)
2006-07,NBA,Toronto Raptors*,47,35,0.573,1,0.61,92.6,0.7,107,0.5,106,-0.5,Lost E. Conf. 1st Rnd.,S. Mitchell (47-35),C. Bosh (9.6)
2005-06,NBA,Toronto Raptors,27,55,0.329,4,-3.03,91.1,0.6,109.5,3.3,112.7,6.5,,S. Mitchell (27-55),C. Bosh (9.8)
2004-05,NBA,Toronto Raptors,33,49,0.402,4,-1.81,92.7,1.8,106.9,0.8,108.7,2.6,,S. Mitchell (33-49),C. Bosh (6.8)
2003-04,NBA,Toronto Raptors,33,49,0.402,6,-3.42,86.8,-3.3,97,-5.9,100.4,-2.5,,K. O'Neill (33-49),D. Marshall (9.8)
2002-03,NBA,Toronto Raptors,24,58,0.293,7,-6.1,89.9,-1.1,100.5,-3.1,107,3.4,,L. Wilkens (24-58),A. Williams (5.5)
2001-02,NBA,Toronto Raptors*,42,40,0.512,3,-0.71,88.8,-1.9,102.6,-1.9,103.1,-1.4,Lost E. Conf. 1st Rnd.,L. Wilkens (42-40),V. Carter (7.0)
2000-01,NBA,Toronto Raptors*,47,35,0.573,2,1.69,90.9,-0.4,105.9,2.9,103.4,0.4,Lost E. Conf. Semis,L. Wilkens (47-35),V. Carter (12.9)
2016-17,NBA,Utah Jazz*,51,31,0.622,1,4,91.6,-4.8,109.6,0.8,105.3,-3.5,Lost W. Conf. Semis,Q. Snyder (51-31),R. Gobert (14.3)
2015-16,NBA,Utah Jazz,40,42,0.488,3,1.84,91,-4.8,105.9,-0.5,103.9,-2.5,,Q. Snyder (40-42),G. Hayward (8.9)
2014-15,NBA,Utah Jazz,38,44,0.463,3,0.71,90.4,-3.5,105.1,-0.5,104.9,-0.7,,Q. Snyder (38-44),R. Gobert (9.3)
2013-14,NBA,Utah Jazz,25,57,0.305,5,-6.27,91.4,-2.5,103.5,-3.2,111.3,4.6,,T. Corbin (25-57),D. Favors (5.1)
2012-13,NBA,Utah Jazz,43,39,0.524,3,0.3,90.9,-1.1,106.7,0.8,106.8,0.9,,T. Corbin (43-39),A. Jefferson (7.7)
2011-12,NBA,Utah Jazz*,36,30,0.545,3,0.92,91.4,0.1,106.8,2.2,106.1,1.5,Lost W. Conf. 1st Rnd.,T. Corbin (36-30),P. Millsap (7.8)
2010-11,NBA,Utah Jazz,39,43,0.476,4,-1.44,91,-1.1,108.1,0.8,110.1,2.8,,J. Sloan (31-23) T. Corbin (8-20),A. Jefferson (7.8)
2009-10,NBA,Utah Jazz*,53,29,0.646,2,5.33,93.8,1.1,110.7,3.1,105,-2.6,Lost W. Conf. Semis,J. Sloan (53-29),D. Williams (10.3)
2008-09,NBA,Utah Jazz*,48,34,0.585,3,2.31,93.1,1.4,110.1,1.8,107.3,-1,Lost W. Conf. 1st Rnd.,J. Sloan (48-34),D. Williams (8.4)
2007-08,NBA,Utah Jazz*,54,28,0.659,1,6.86,93.2,0.8,113.8,6.3,106.5,-1,Lost W. Conf. Semis,J. Sloan (54-28),D. Williams (11.3)
2006-07,NBA,Utah Jazz*,51,31,0.622,1,3.06,91.6,-0.3,110.1,3.6,107,0.5,Lost W. Conf. Finals,J. Sloan (51-31),C. Boozer (9.9)
2005-06,NBA,Utah Jazz,41,41,0.5,2,-2.49,87.8,-2.7,104.1,-2.1,107,0.8,,J. Sloan (41-41),M. Okur (9.3)
2004-05,NBA,Utah Jazz,26,56,0.317,5,-3.74,88.4,-2.5,104.7,-1.4,109.5,3.4,,J. Sloan (26-56),M. Okur (7.0)
2003-04,NBA,Utah Jazz,42,40,0.512,7,-0.53,86.6,-3.5,101.9,-1,103.3,0.4,,J. Sloan (42-40),A. Kirilenko (11.6)
2002-03,NBA,Utah Jazz*,47,35,0.573,4,2.76,89.3,-1.7,105.5,1.9,102.8,-0.8,Lost W. Conf. 1st Rnd.,J. Sloan (47-35),K. Malone (11.1)
2001-02,NBA,Utah Jazz*,44,38,0.537,4,1.21,90.3,-0.4,105.6,1.1,104.6,0.1,Lost W. Conf. 1st Rnd.,J. Sloan (44-38),J. Stockton (10.7)
2000-01,NBA,Utah Jazz*,53,29,0.646,2,5,89.8,-1.5,107.6,4.6,102.4,-0.6,Lost W. Conf. 1st Rnd.,J. Sloan (53-29),K. Malone (13.1)
2016-17,NBA,Washington Wizards*,49,33,0.598,1,1.36,97.4,1,111.2,2.4,109.3,0.5,Lost E. Conf. Semis,S. Brooks (49-33),O. Porter (9.4)
2015-16,NBA,Washington Wizards,41,41,0.5,4,-0.5,98.5,2.7,105.3,-1.1,105.8,-0.6,,R. Wittman (41-41),M. Gortat (7.3)
2014-15,NBA,Washington Wizards*,46,36,0.561,2,0.17,93.7,-0.2,103.7,-1.9,103,-2.6,Lost E. Conf. Semis,R. Wittman (46-36),M. Gortat (8.6)
2013-14,NBA,Washington Wizards*,44,38,0.537,2,0.48,93.2,-0.7,106,-0.7,104.6,-2.1,Lost E. Conf. Semis,R. Wittman (44-38),M. Gortat (8.1)
2012-13,NBA,Washington Wizards,29,53,0.354,3,-2.78,92.2,0.2,100.2,-5.7,103,-2.9,,R. Wittman (29-53),M. Webster (6.3)
2011-12,NBA,Washington Wizards,20,46,0.303,4,-5.14,92.5,1.2,101,-3.6,106.2,1.6,,F. Saunders (2-15) R. Wittman (18-31),J. Wall (3.5)
2010-11,NBA,Washington Wizards,23,59,0.28,5,-7.3,93.8,1.7,102.4,-4.9,110.2,2.9,,F. Saunders (23-59),J. McGee (5.3)
2009-10,NBA,Washington Wizards,26,56,0.317,5,-4.72,91.6,-1.1,104.2,-3.4,109.4,1.8,,F. Saunders (26-56),B. Haywood (4.5)
2008-09,NBA,Washington Wizards,19,63,0.232,5,-6.98,91,-0.7,105.4,-2.9,113.6,5.3,,E. Jordan (1-10) E. Tapscott (18-53),A. Jamison (8.1)
2007-08,NBA,Washington Wizards*,43,39,0.524,2,-0.61,89.5,-2.9,109.2,1.7,109.6,2.1,Lost E. Conf. 1st Rnd.,E. Jordan (43-39),A. Jamison (9.2)
2006-07,NBA,Washington Wizards*,41,41,0.5,2,-0.8,94.1,2.2,110.1,3.6,110.6,4.1,Lost E. Conf. 1st Rnd.,E. Jordan (41-41),G. Arenas (10.8)
2005-06,NBA,Washington Wizards*,42,40,0.512,2,1.57,92.3,1.8,109.3,3.1,107.3,1.1,Lost E. Conf. 1st Rnd.,E. Jordan (42-40),G. Arenas (13.6)
2004-05,NBA,Washington Wizards*,45,37,0.549,2,-0.71,93.3,2.4,107.2,1.1,107.5,1.4,Lost E. Conf. Semis,E. Jordan (45-37),G. Arenas (11.5)
2003-04,NBA,Washington Wizards,25,57,0.305,6,-6.12,92.2,2.1,98.8,-4.1,104.8,1.9,,E. Jordan (25-57),K. Brown (4.9)
2002-03,NBA,Washington Wizards,37,45,0.451,5,-1.47,88.2,-2.8,103,-0.6,104.1,0.5,,D. Collins (37-45),C. Laettner (6.6)
2001-02,NBA,Washington Wizards,37,45,0.451,5,-1.58,88.3,-2.4,104.8,0.3,106.4,1.9,,D. Collins (37-45),C. Whitney (6.5)
2000-01,NBA,Washington Wizards,19,63,0.232,7,-6.75,92.7,1.4,100.6,-2.4,107.8,4.8,,L. Hamilton (19-63),M. Smith (3.6)